Workbook

Sheet Overview
B2: Eurodrone sizing model
B4: Edit yellow cells on Inputs and Mission. Results and charts recalculate. Start with masses, battery, drag area and efficiencies.
B5: ESTIMATE: illustrative multirotor assumptions. Required performance is calculated; available propulsion capability needs test data.
B7: At target: steady level | C7: Estimate | D7: Unit
B8: All-up mass | C8: =Inputs!C55 -> 1.16625 | D8: kg
B9: Airframe drag | C9: =Model!H9 -> 27.222222 | D9: N
B10: Total thrust required | C10: =Model!K9 -> 29.527182 | D10: N
B11: Thrust required per rotor | C11: =Model!K9/Inputs!C25 -> 7.3817955 | D11: N
B12: Required tilt from vertical | C12: =Model!L9 -> 67.211024 | D12: degrees
B13: Electrical power required | C13: =Model!T9 -> 4035.5772 | D13: W
B14: Hover electrical power | C14: =Model!T8 -> 205.65101 | D14: W
B15: Target airspeed | C15: =Model!C9 -> 300 | D15: km/h
B16: TLR-01 target comparison | C16: =IF(C15<300,"Target below 300 km/h","Target at least 300 km/h") -> Target at least 300 km/h
B19: Flight energy budget | C19: Estimate | D19: Unit
B20: Nominal battery energy | C20: =Inputs!C53 -> 66.6 | D20: Wh
B21: Usable battery energy | C21: =Inputs!C59 -> 53.28 | D21: Wh
B22: Reserved for recovery | C22: =Inputs!C60 -> 10.656 | D22: Wh
B23: Available for nominal mission | C23: =Inputs!C61 -> 42.624 | D23: Wh
B24: Nominal mission energy | C24: =Mission!J16 -> 19.426648 | D24: Wh
B25: Remaining after mission + reserve | C25: =C23-C24 -> 23.197352 | D25: Wh
B26: Powered time | C26: =Mission!C16 -> 120 | D26: seconds
B27: Airborne time | C27: =Mission!C17 -> 90 | D27: seconds
B28: Peak sampled electrical power | C28: =Mission!K16 -> 5517.5612 | D28: W
B29: Peak sampled pack current | C29: =Mission!C19 -> 262.74101 | D29: A
B31: Mission energy assessment | C31: =IF(C25>=0,"Within assumed budget","Exceeds assumed budget") -> Within assumed budget
B34: Energy reserve and hold duration remain sizing assumptions.
B35: Positive energy margin does not establish flight feasibility.
B38: Capability comparison | C38: Headroom | D38: Unit | F38: Interpretation
B39: Hover thrust headroom | C39: =IF(Inputs!C47="","n.a.",IF(Inputs!E47="Entered",Inputs!C47*Inputs!C25/Model!K8-1,NA())) -> n.a. | D39: % | F39: Available / required − 1. Static thrust applies only to hover.
B40: Target-speed thrust headroom | C40: =IF(Inputs!C48="","n.a.",IF(Inputs!E48="Entered",Inputs!C48*Inputs!C25/Model!K9-1,NA())) -> n.a. | D40: % | F40: Requires thrust data at target airspeed and inflow angle.
B41: Pack current headroom | C41: =IF(Inputs!C44="","n.a.",IF(Inputs!E44="Entered",Inputs!C44-Mission!C19,NA())) -> n.a. | D41: A | F41: Limit minus peak sampled demand. No short-duration current spikes modeled.
B42: ESC current headroom / rotor | C42: =IF(Inputs!C45="","n.a.",IF(Inputs!E45="Entered",Inputs!C45-Mission!I19/Inputs!C62,NA())) -> n.a. | D42: A | F42: Equal rotor loading assumed. Real control corrections may load one rotor more.
B43: Power headroom / rotor | C43: =IF(Inputs!C46="","n.a.",IF(Inputs!E46="Entered",Inputs!C46-Mission!I19,NA())) -> n.a. | D43: W | F43: Limit minus peak sampled electrical propulsion power per rotor.
B45: n.a. means no capability input. Enter supported limits in Inputs C44:C48. Negative headroom indicates an exceeded entered limit.
B46: Thrust headroom is not a demonstrated attitude-control margin. No maximum attainable speed is inferred from static thrust.
B48: MODEL LIMITS THAT MATTER
B49: Aerodynamics: fixed drag area across attitude; ideal rotor inflow with constant loss efficiencies. No blade pitch, RPM or tip-speed limit.
B50: Mission: takeoff/landing are hover proxies; braking uses steady-power samples with no regeneration. Peaks are sampled, not electrical transients.
B51: Battery: mass scales with nominal energy. Usable energy and loaded voltage are inputs; temperature, voltage drop and cutoff must be measured.
B52: Next evidence: component masses, drag at flight attitude, propulsion maps and loaded battery tests. Bench checks precede incremental flight tests.

Sheet Inputs
B2: Aircraft inputs
B4: Yellow cells are editable. All populated design values are ASSUMPTION examples, not selected or measured hardware.
B5: Replace component masses first. Battery mass changes automatically with capacity and pack energy density.
B7: Component | C7: Quantity | D7: Each (g) | E7: Total (g) | G7: Input guidance
B8: Primary structure | C8: 1 | D8: 200 | E8: =IF(AND(COUNT(C8:D8)=2,C8>=0,MOD(C8,1)=0,D8>=0),C8*D8,NA()) -> 200 | G8: Custom structure allowance (TLR-02). No strength or stiffness analysis.
B9: Motors | C9: =$C$25 -> 4 | D9: 55 | E9: =IF(AND(COUNT(C9:D9)=2,C9>=0,MOD(C9,1)=0,D9>=0),C9*D9,NA()) -> 220 | G9: Quantity follows rotor count. Replace with selected motor mass.
B10: Motor controllers (ESCs) | C10: =$C$25 -> 4 | D10: 15 | E10: =IF(AND(COUNT(C10:D10)=2,C10>=0,MOD(C10,1)=0,D10>=0),C10*D10,NA()) -> 60 | G10: Mass per motor channel. Use a share of a combined ESC board if applicable.
B11: Propellers | C11: =$C$25 -> 4 | D11: 5 | E11: =IF(AND(COUNT(C11:D11)=2,C11>=0,MOD(C11,1)=0,D11>=0),C11*D11,NA()) -> 20 | G11: Quantity follows rotor count. Equal, non-overlapping rotors assumed.
B12: Flight controller + FPGA | C12: 1 | D12: 55 | E12: =IF(AND(COUNT(C12:D12)=2,C12>=0,MOD(C12,1)=0,D12>=0),C12*D12,NA()) -> 55 | G12: Includes FPGA provision required by TLR-06.
B13: Power distribution | C13: 1 | D13: 25 | E13: =IF(AND(COUNT(C13:D13)=2,C13>=0,MOD(C13,1)=0,D13>=0),C13*D13,NA()) -> 25 | G13: Custom PDU allowance (TLR-02).
B14: Wiring + connectors | C14: 1 | D14: 45 | E14: =IF(AND(COUNT(C14:D14)=2,C14>=0,MOD(C14,1)=0,D14>=0),C14*D14,NA()) -> 45 | G14: Custom harness allowance (TLR-02).
B15: FPV camera + video system | C15: 1 | D15: 40 | E15: =IF(AND(COUNT(C15:D15)=2,C15>=0,MOD(C15,1)=0,D15>=0),C15*D15,NA()) -> 40 | G15: Camera, video transmitter and its antennas (TLR-07).
B16: Pilot receiver + antennas | C16: 1 | D16: 20 | E16: =IF(AND(COUNT(C16:D16)=2,C16>=0,MOD(C16,1)=0,D16>=0),C16*D16,NA()) -> 20 | G16: Pilot link equipment (TLR-07).
B17: Mounts + fasteners | C17: 1 | D17: 35 | E17: =IF(AND(COUNT(C17:D17)=2,C17>=0,MOD(C17,1)=0,D17>=0),C17*D17,NA()) -> 35 | G17: Include battery restraint and electronics mounts.
B18: Other equipment | C18: 1 | D18: 0 | E18: =IF(AND(COUNT(C18:D18)=2,C18>=0,MOD(C18,1)=0,D18>=0),C18*D18,NA()) -> 0 | G18: Optional equipment. Zero is an intentional empty allowance.
B19: Unallocated mass | C19: 1 | D19: 30 | E19: =IF(AND(COUNT(C19:D19)=2,C19>=0,MOD(C19,1)=0,D19>=0),C19*D19,NA()) -> 30 | G19: Editable growth allowance. No prescribed design margin.
B20: Battery pack | C20: 1 | D20: =C54*1000 -> 416.25 | E20: =C20*D20 -> 416.25 | G20: Calculated from nominal Wh / pack energy density. Include pack leads in energy density.
B21: TOTAL MASS | E21: =SUM(E8:E20) -> 1166.25
B24: AIRCRAFT AND ENVIRONMENT
B25: Rotor count | C25: 4 | D25: rotors | E25: =IF(AND(ISNUMBER(C25),C25>=1,C25<=16),IF(MOD(C25,1)=0,"OK","Check input"),"Check input") -> OK | G25: Equal rotors, coplanar and non-overlapping. Mass quantities above follow this value.
B26: Propeller diameter | C26: 5 | D26: in | E26: =IF(AND(ISNUMBER(C26),C26>=0.1,C26<=100),"OK","Check input") -> OK | G26: Affects ideal disk loading. Update propeller/motor masses separately after a size change.
B27: Air density | C27: 1.225 | D27: kg/m³ | E27: =IF(AND(ISNUMBER(C27),C27>=0.1,C27<=2),"OK","Check input") -> OK | G27: ASSUMPTION: representative sea-level density. Enter local conditions when known.
B28: Drag coefficient, Cd | C28: 0.8 | D28: dimensionless | E28: =IF(AND(ISNUMBER(C28),C28>=0,C28<=10),"OK","Check input") -> OK | G28: ASSUMPTION: placeholder. Use Cd consistent with the reference area below.
B29: Projected reference area | C29: 0.008 | D29: m² | E29: =IF(AND(ISNUMBER(C29),C29>=0,C29<=10),"OK","Check input") -> OK | G29: 0.008 m² = 80 cm². Area at flight attitude; CdA is held constant across speeds.
B30: Rotor aerodynamic efficiency | C30: 0.65 | D30: fraction | E30: =IF(AND(ISNUMBER(C30),C30>=0.01,C30<=1),"OK","Check input") -> OK | G30: Ideal disk power / shaft power. Effective loss allowance, not conventional propulsive efficiency.
B31: Motor + ESC efficiency | C31: 0.9 | D31: fraction | E31: =IF(AND(ISNUMBER(C31),C31>=0.01,C31<=1),"OK","Check input") -> OK | G31: Shaft power / electrical propulsion power. Constant assumed value across the profile.
B32: Electronics power | C32: 18 | D32: W | E32: =IF(AND(ISNUMBER(C32),C32>=0,C32<=10000),"OK","Check input") -> OK | G32: Battery-side demand for FC, FPGA, camera, radios and regulators. Present during startup too.
B33: Target airspeed | C33: 300 | D33: km/h | E33: =IF(AND(ISNUMBER(C33),C33>=0,C33<=1000),"OK","Check input") -> OK | G33: TLR-01 design objective: at least 300 km/h. Editing this does not change the requirement.
B34: Speed-chart range / target | C34: 1.2 | D34: multiple | E34: =IF(AND(ISNUMBER(C34),C34>=0.1,C34<=5),"OK","Check input") -> OK | G34: Chart sweeps from hover to this multiple of target speed. Demand only, not attainable speed.
B36: BATTERY
B37: Battery cells in series | C37: 6 | D37: cells | E37: =IF(AND(ISNUMBER(C37),C37>=1,C37<=100),IF(MOD(C37,1)=0,"OK","Check input"),"Check input") -> OK | G37: Equal cells. Capacity below is total pack capacity, including any parallel strings.
B38: Nominal cell voltage | C38: 3.7 | D38: V | E38: =IF(AND(ISNUMBER(C38),C38>=0.1,C38<=10),"OK","Check input") -> OK | G38: Used to calculate stored nominal energy.
B39: Pack capacity | C39: 3000 | D39: mAh | E39: =IF(AND(ISNUMBER(C39),C39>=1,C39<=1000000),"OK","Check input") -> OK | G39: Changing capacity also changes calculated battery mass at fixed pack energy density.
B40: Pack energy density | C40: 160 | D40: Wh/kg | E40: =IF(AND(ISNUMBER(C40),C40>=1,C40<=1000),"OK","Check input") -> OK | G40: Nominal Wh divided by complete pack mass. ASSUMPTION example; replace with pack data.
B41: Usable energy fraction | C41: 0.8 | D41: fraction | E41: =IF(AND(ISNUMBER(C41),C41>=0.01,C41<=1),"OK","Check input") -> OK | G41: Share of nominal Wh usable under the intended load. Capacity, voltage drop and cutoff allowance.
B42: Recovery reserve / usable energy | C42: 0.2 | D42: fraction | E42: =IF(AND(ISNUMBER(C42),C42>=0,C42<=0.99),"OK","Check input") -> OK | G42: ASSUMPTION, not an acceptance limit. Held back from the nominal mission budget.
B43: Operating cell voltage | C43: 3.5 | D43: V | E43: =IF(AND(ISNUMBER(C43),C43>=0.1,C43<=10),"OK","Check input") -> OK | G43: Loaded voltage used for current estimates. Constant; no time-dependent voltage-drop model.
B44: Pack current limit | D44: A | E44: =IF(C44="","No data",IF(AND(ISNUMBER(C44),C44>=0,C44<=1000000000),"Entered","Check input")) -> No data | G44: Optional: supported battery/harness current for this duty. Leave blank without data.
B45: ESC current limit per rotor | D45: A | E45: =IF(C45="","No data",IF(AND(ISNUMBER(C45),C45>=0,C45<=1000000000),"Entered","Check input")) -> No data | G45: Optional: battery-side current per ESC for this duty; not motor phase current.
B46: Electrical power limit per rotor | D46: W | E46: =IF(C46="","No data",IF(AND(ISNUMBER(C46),C46>=0,C46<=1000000000),"Entered","Check input")) -> No data | G46: Optional: motor/ESC electrical input capability for this duty.
B47: Available thrust per rotor: hover | D47: N | E47: =IF(C47="","No data",IF(AND(ISNUMBER(C47),C47>=0,C47<=1000000000),"Entered","Check input")) -> No data | G47: Optional: measured/supported static thrust at operating voltage. No default capability assumed.
B48: Available thrust per rotor: target | D48: N | E48: =IF(C48="","No data",IF(AND(ISNUMBER(C48),C48>=0,C48<=1000000000),"Entered","Check input")) -> No data | G48: Optional: supported thrust at target airspeed and rotor inflow angle. Static data is insufficient.
B51: CALCULATED PROPERTIES
B52: Mass excluding battery | C52: =SUM(E8:E19)/1000 -> 0.75 | D52: kg
B53: Nominal battery energy | C53: =IF(AND(E37="OK",E38="OK",E39="OK"),C37*C38*C39/1000,NA()) -> 66.6 | D53: Wh
B54: Battery mass | C54: =IF(E40="OK",C53/C40,NA()) -> 0.41625 | D54: kg
B55: All-up mass | C55: =E21/1000 -> 1.16625 | D55: kg
B56: Weight force | C56: =C55*9.80665 -> 11.437006 | D56: N
B57: Total rotor disk area | C57: =IF(AND(E25="OK",E26="OK"),C25*PI()*(C26*0.0254)^2/4,NA()) -> 0.050670748 | D57: m²
B58: Effective drag area, CdA | C58: =IF(AND(E28="OK",E29="OK"),C28*C29,NA()) -> 0.0064 | D58: m²
B59: Usable battery energy | C59: =IF(E41="OK",C53*C41,NA()) -> 53.28 | D59: Wh
B60: Energy held for recovery | C60: =IF(E42="OK",C59*C42,NA()) -> 10.656 | D60: Wh
B61: Nominal mission energy budget | C61: =C59-C60 -> 42.624 | D61: Wh
B62: Operating pack voltage | C62: =IF(AND(E37="OK",E43="OK"),C37*C43,NA()) -> 21 | D62: V
B65: METHOD, SCOPE AND SOURCES
B66: ESTIMATE: equal-rotor multirotor; still air; no wing lift; fixed CdA; constant efficiencies; equal rotor loading.
B67: Mass = component sum + nominal battery Wh / pack Wh/kg. Density and efficiencies are illustrative assumptions.
B68: Drag = 0.5 × air density × CdA × airspeed². T = sqrt((load factor × weight)² + (drag + mass × positive acceleration)²).
B69: Inflow: vi × sqrt(Vt² + (Vn + vi)²) = T / (2 × density × disk area). Model uses 24 bounded bisection steps.
B70: Electrical power = (T × vi + forward force × speed) / rotor efficiency / motor-ESC efficiency + electronics power.
B71: Sources: NASA Glenn, Drag Equation. https://www1.grc.nasa.gov/beginners-guide-to-aeronautics/drag-equation/
B72: NASA / W. Johnson (2004), Rotor Inflow, pp. 2–3. https://rotorcraft.arc.nasa.gov/Publications/files/Johnson_AHS-SF2004.pdf
B73: Propeller calibration data: UIUC Propeller Database. https://m-selig.web.engr.illinois.edu/props/propDB.html
B74: Project basis: requirements/TOP_LEVEL_REQUIREMENTS.md (TLR-01,02,03,06,07); DERIVED_REQUIREMENTS.md (SYS-01, MP-01).
B75: Missing evidence: CdA versus attitude, rotor thrust/power versus inflow, loaded battery behavior. No aircraft measurement exists here.
B76: Validation path: component/bench characterization, hover/low-speed comparison, incremental speed passes; update model with measurements.
... B78: The high-speed qualifying hold and recovery reserve are open project decisions. Workbook example values do not amend requirements.

Sheet Mission
B2: Flight energy budget
B4: Edit yellow durations, end-speed fractions and support loads. 100% speed means the target set on Inputs.
B5: ESTIMATE: default durations from MP-01. Acceleration uses three-point Simpson integration. Braking uses a steady-flight proxy.
B7: Phase | C7: Time (s) | D7: End speed / target | E7: Support load (× weight) | F7: Start (km/h) | G7: End (km/h) | H7: Positive accel. (m/s²) | I7: Mean input power (W) | J7: Energy (Wh) | K7: Peak sampled power (W) | M7: Phase assumption
B8: Startup / readiness | C8: 30 | D8: =0 -> 0 | E8: =1 -> 1 | F8: =0 -> 0 | G8: =IF(AND(AND(ISNUMBER(D8),D8>=0,D8<=3),Inputs!E33="OK"),D8*Inputs!C33,NA()) -> 0 | H8: =IF(AND(AND(ISNUMBER(C8),C8>=0,C8<=100000),AND(ISNUMBER(E8),E8>=1,E8<=10)),IF(C8=0,IF(F8=G8,0,NA()),MAX(0,(G8-F8)/3.6/C8)),NA()) -> 0 | I8: =(Model!T36+4*Model!T37+Model!T38)/6 -> 18 | J8: =I8*C8/3600 -> 0.15 | K8: =IF(C8=0,0,MAX(Model!T36:T38)) -> 18 | M8: Rotors off. Electronics draw only.
B9: Takeoff / hover / alignment | C9: 15 | D9: 0 | E9: 1.1 | F9: =G8 -> 0 | G9: =IF(AND(AND(ISNUMBER(D9),D9>=0,D9<=3),Inputs!E33="OK"),D9*Inputs!C33,NA()) -> 0 | H9: =IF(AND(AND(ISNUMBER(C9),C9>=0,C9<=100000),AND(ISNUMBER(E9),E9>=1,E9<=10)),IF(C9=0,IF(F9=G9,0,NA()),MAX(0,(G9-F9)/3.6/C9)),NA()) -> 0 | I9: =(Model!T39+4*Model!T40+Model!T41)/6 -> 234.49104 | J9: =I9*C9/3600 -> 0.97704602 | K9: =IF(C9=0,0,MAX(Model!T39:T41)) -> 234.49104 | M9: Hover proxy with 10% extra support load; vertical climb is not resolved.
B10: Acceleration | C10: 10 | D10: 1 | E10: 1 | F10: =G9 -> 0 | G10: =IF(AND(AND(ISNUMBER(D10),D10>=0,D10<=3),Inputs!E33="OK"),D10*Inputs!C33,NA()) -> 300 | H10: =IF(AND(AND(ISNUMBER(C10),C10>=0,C10<=100000),AND(ISNUMBER(E10),E10>=1,E10<=10)),IF(C10=0,IF(F10=G10,0,NA()),MAX(0,(G10-F10)/3.6/C10)),NA()) -> 8.3333333 | I10: =(Model!T42+4*Model!T43+Model!T44)/6 -> 1849.1904 | J10: =I10*C10/3600 -> 5.1366401 | K10: =IF(C10=0,0,MAX(Model!T42:T44)) -> 5517.5612 | M10: Linear speed ramp; positive acceleration adds force and kinetic-energy demand.
B11: High-speed level pass | C11: 5 | D11: 1 | E11: 1 | F11: =G10 -> 300 | G11: =IF(AND(AND(ISNUMBER(D11),D11>=0,D11<=3),Inputs!E33="OK"),D11*Inputs!C33,NA()) -> 300 | H11: =IF(AND(AND(ISNUMBER(C11),C11>=0,C11<=100000),AND(ISNUMBER(E11),E11>=1,E11<=10)),IF(C11=0,IF(F11=G11,0,NA()),MAX(0,(G11-F11)/3.6/C11)),NA()) -> 0 | I11: =(Model!T45+4*Model!T46+Model!T47)/6 -> 4035.5772 | J11: =I11*C11/3600 -> 5.6049684 | K11: =IF(C11=0,0,MAX(Model!T45:T47)) -> 4035.5772 | M11: Five seconds is a sizing estimate, not a settled qualifying hold duration.
B12: Deceleration / turn | C12: 15 | D12: 0.2 | E12: 1.2 | F12: =G11 -> 300 | G12: =IF(AND(AND(ISNUMBER(D12),D12>=0,D12<=3),Inputs!E33="OK"),D12*Inputs!C33,NA()) -> 60 | H12: =IF(AND(AND(ISNUMBER(C12),C12>=0,C12<=100000),AND(ISNUMBER(E12),E12>=1,E12<=10)),IF(C12=0,IF(F12=G12,0,NA()),MAX(0,(G12-F12)/3.6/C12)),NA()) -> 0 | I12: =(Model!T48+4*Model!T49+Model!T50)/6 -> 1327.2368 | J12: =I12*C12/3600 -> 5.5301531 | K12: =IF(C12=0,0,MAX(Model!T48:T50)) -> 4044.7988 | M12: Steady-power proxy along speed ramp; 20% extra support load; no regeneration.
B13: Return | C13: 35 | D13: 0.2 | E13: 1 | F13: =G12 -> 60 | G13: =IF(AND(AND(ISNUMBER(D13),D13>=0,D13<=3),Inputs!E33="OK"),D13*Inputs!C33,NA()) -> 60 | H13: =IF(AND(AND(ISNUMBER(C13),C13>=0,C13<=100000),AND(ISNUMBER(E13),E13>=1,E13<=10)),IF(C13=0,IF(F13=G13,0,NA()),MAX(0,(G13-F13)/3.6/C13)),NA()) -> 0 | I13: =(Model!T51+4*Model!T52+Model!T53)/6 -> 150.49489 | J13: =I13*C13/3600 -> 1.4631447 | K13: =IF(C13=0,0,MAX(Model!T51:T53)) -> 150.49489 | M13: Return speed defaults to 20% of target. Course distance and wind are not modeled.
B14: Landing | C14: 10 | D14: 0 | E14: 1.1 | F14: =G13 -> 60 | G14: =IF(AND(AND(ISNUMBER(D14),D14>=0,D14<=3),Inputs!E33="OK"),D14*Inputs!C33,NA()) -> 0 | H14: =IF(AND(AND(ISNUMBER(C14),C14>=0,C14<=100000),AND(ISNUMBER(E14),E14>=1,E14<=10)),IF(C14=0,IF(F14=G14,0,NA()),MAX(0,(G14-F14)/3.6/C14)),NA()) -> 0 | I14: =(Model!T54+4*Model!T55+Model!T56)/6 -> 203.29054 | J14: =I14*C14/3600 -> 0.56469595 | K14: =IF(C14=0,0,MAX(Model!T54:T56)) -> 234.49104 | M14: Steady-power proxy down to hover; vertical descent dynamics are not resolved.
B16: TOTAL POWERED TIME | C16: =SUM(C8:C14) -> 120 | I16: Total energy | J16: =SUM(J8:J14) -> 19.426648 | K16: =MAX(K8:K14) -> 5517.5612
B17: AIRBORNE TIME | C17: =SUM(C9:C14) -> 90
B19: Peak sampled pack current | C19: =K16/Inputs!C62 -> 262.74101 | D19: A | F19: Peak propulsion / rotor | I19: =(K16-Inputs!C32)/Inputs!C25 -> 1374.8903 | J19: W/rotor
B22: HOW THE BUDGET WORKS
B23: Each airborne phase is evaluated at its start, midpoint and end speed. Energy = (Pstart + 4 × Pmid + Pend) / 6 × time / 3600.
B24: Positive acceleration is derived from speed change / duration. It increases horizontal thrust and power. Deceleration is modeled at zero acceleration.
B25: This braking proxy deliberately gives no energy-recovery credit. It does not calculate reverse tilt, vortex-ring state or actual braking loads.
B26: Support load is a coarse allowance for lift demand in maneuvers. It is not a turn-radius, vertical-trajectory or attitude-control model.
B27: Peak sampled power is the maximum of the evaluated points, not a transient electrical peak. Startup assumes rotors are stopped.
B28: Set a phase duration to zero only if start and end speeds are equal. A speed jump in zero time makes results unavailable.
B29: ASSUMPTION: speed is airspeed in still air. No route length, wind, climb height, thermal transient or state-of-charge integration is included.
B30: MP-01 source: requirements/DERIVED_REQUIREMENTS.md. Default duration sequence: 30, 15, 10, 5, 15, 35, 10 seconds.
B31: Recovery reserve is separate on Inputs and is deducted from the usable energy before comparing this nominal mission.

Sheet Model
B2: Physics calculations
B4: ESTIMATE: one formula model for hover, target, speed sweep and mission samples. Inputs are linked; edit the yellow cells on Inputs or Mission.
B5: Required demand only. The X:AU columns solve ideal inflow without circular references. W is relative momentum-equation residual.
B7: Operating point | C7: Speed (km/h) | D7: Positive accel. (m/s²) | E7: Support load | F7: Rotors on | G7: Speed (m/s) | H7: Drag (N) | I7: Forward force (N) | J7: Support force (N) | K7: Total thrust (N) | L7: Tilt (deg) | M7: Axial inflow (m/s) | N7: In-plane flow (m/s) | O7: Hover inflow (m/s) | P7: Solved inflow (m/s) | Q7: Ideal induced power (W) | R7: Translation power (W) | S7: Shaft power (W) | T7: Electrical power (W) | U7: Pack current (A) | V7: Propulsion per rotor (W) | W7: Solver residual | X7: Inflow step 1 | Y7: Inflow step 2 | Z7: Inflow step 3 | AA7: Inflow step 4 | AB7: Inflow step 5 | AC7: Inflow step 6 | AD7: Inflow step 7 | AE7: Inflow step 8 | AF7: Inflow step 9 | AG7: Inflow step 10 | AH7: Inflow step 11 | AI7: Inflow step 12 | AJ7: Inflow step 13 | AK7: Inflow step 14 | AL7: Inflow step 15 | AM7: Inflow step 16 | AN7: Inflow step 17 | AO7: Inflow step 18 | AP7: Inflow step 19 | AQ7: Inflow step 20 | AR7: Inflow step 21 | AS7: Inflow step 22 | AT7: Inflow step 23 | AU7: Inflow step 24
B8: Hover | C8: =0 -> 0 | D8: =0 -> 0 | E8: =1 -> 1 | F8: 1 | G8: =C8/3.6 -> 0 | H8: =IF(Inputs!E27="OK",0.5*Inputs!C27*Inputs!C58*G8^2,NA()) -> 0 | I8: =IF(F8=0,0,H8+Inputs!C55*D8) -> 0 | J8: =IF(F8=0,0,IF(AND(ISNUMBER(E8),E8>=1,E8<=10),Inputs!C56*E8,NA())) -> 11.437006 | K8: =SQRT(I8^2+J8^2) -> 11.437006 | L8: =IF(F8=0,0,DEGREES(ATAN(I8/J8))) -> 0 | M8: =IF(F8=0,0,G8*I8/K8) -> 0 | N8: =IF(F8=0,0,G8*J8/K8) -> 0 | O8: =IF(F8=0,0,IF(Inputs!E27="OK",SQRT(K8/(2*Inputs!C27*Inputs!C57)),NA())) -> 9.5983032 | P8: =AU8 -> 9.5983027 | Q8: =K8*P8 -> 109.77584 | R8: =I8*G8 -> 0 | S8: =IF(F8=0,0,IF(Inputs!E30="OK",SUM(Q8:R8)/Inputs!C30,NA())) -> 168.88591 | T8: =IF(AND(Inputs!E31="OK",Inputs!E32="OK"),S8/Inputs!C31+Inputs!C32,NA()) -> 205.65101 | U8: =T8/Inputs!C62 -> 9.7929053 | V8: =IF(Inputs!E25="OK",(T8-Inputs!C32)/Inputs!C25,NA()) -> 46.912753 | W8: =IF(F8=0,0,(P8*SQRT(N8^2+(M8+P8)^2)-O8^2)/O8^2) -> -1.1920929e-07 | X8: =$O8/2 -> 4.7991516 | Y8: =X8+IF(X8*SQRT($N8^2+($M8+X8)^2)<$O8^2,1,-1)*$O8/2^2 -> 7.1987274 | Z8: =Y8+IF(Y8*SQRT($N8^2+($M8+Y8)^2)<$O8^2,1,-1)*$O8/2^3 -> 8.3985153 | AA8: =Z8+IF(Z8*SQRT($N8^2+($M8+Z8)^2)<$O8^2,1,-1)*$O8/2^4 -> 8.9984093 | AB8: =AA8+IF(AA8*SQRT($N8^2+($M8+AA8)^2)<$O8^2,1,-1)*$O8/2^5 -> 9.2983563 | AC8: =AB8+IF(AB8*SQRT($N8^2+($M8+AB8)^2)<$O8^2,1,-1)*$O8/2^6 -> 9.4483298 | AD8: =AC8+IF(AC8*SQRT($N8^2+($M8+AC8)^2)<$O8^2,1,-1)*$O8/2^7 -> 9.5233165 | AE8: =AD8+IF(AD8*SQRT($N8^2+($M8+AD8)^2)<$O8^2,1,-1)*$O8/2^8 -> 9.5608099 | AF8: =AE8+IF(AE8*SQRT($N8^2+($M8+AE8)^2)<$O8^2,1,-1)*$O8/2^9 -> 9.5795566 | AG8: =AF8+IF(AF8*SQRT($N8^2+($M8+AF8)^2)<$O8^2,1,-1)*$O8/2^10 -> 9.5889299 | AH8: =AG8+IF(AG8*SQRT($N8^2+($M8+AG8)^2)<$O8^2,1,-1)*$O8/2^11 -> 9.5936166 | AI8: =AH8+IF(AH8*SQRT($N8^2+($M8+AH8)^2)<$O8^2,1,-1)*$O8/2^12 -> 9.5959599 | AJ8: =AI8+IF(AI8*SQRT($N8^2+($M8+AI8)^2)<$O8^2,1,-1)*$O8/2^13 -> 9.5971316 | AK8: =AJ8+IF(AJ8*SQRT($N8^2+($M8+AJ8)^2)<$O8^2,1,-1)*$O8/2^14 -> 9.5977174 | AL8: =AK8+IF(AK8*SQRT($N8^2+($M8+AK8)^2)<$O8^2,1,-1)*$O8/2^15 -> 9.5980103 | AM8: =AL8+IF(AL8*SQRT($N8^2+($M8+AL8)^2)<$O8^2,1,-1)*$O8/2^16 -> 9.5981568 | AN8: =AM8+IF(AM8*SQRT($N8^2+($M8+AM8)^2)<$O8^2,1,-1)*$O8/2^17 -> 9.59823 | AO8: =AN8+IF(AN8*SQRT($N8^2+($M8+AN8)^2)<$O8^2,1,-1)*$O8/2^18 -> 9.5982666 | AP8: =AO8+IF(AO8*SQRT($N8^2+($M8+AO8)^2)<$O8^2,1,-1)*$O8/2^19 -> 9.5982849 | AQ8: =AP8+IF(AP8*SQRT($N8^2+($M8+AP8)^2)<$O8^2,1,-1)*$O8/2^20 -> 9.5982941 | AR8: =AQ8+IF(AQ8*SQRT($N8^2+($M8+AQ8)^2)<$O8^2,1,-1)*$O8/2^21 -> 9.5982987 | AS8: =AR8+IF(AR8*SQRT($N8^2+($M8+AR8)^2)<$O8^2,1,-1)*$O8/2^22 -> 9.598301 | AT8: =AS8+IF(AS8*SQRT($N8^2+($M8+AS8)^2)<$O8^2,1,-1)*$O8/2^23 -> 9.5983021 | AU8: =AT8+IF(AT8*SQRT($N8^2+($M8+AT8)^2)<$O8^2,1,-1)*$O8/2^24 -> 9.5983027
B9: Target: steady level | C9: =IF(Inputs!E33="OK",Inputs!C33,NA()) -> 300 | D9: =0 -> 0 | E9: =1 -> 1 | F9: 1 | G9: =C9/3.6 -> 83.333333 | H9: =IF(Inputs!E27="OK",0.5*Inputs!C27*Inputs!C58*G9^2,NA()) -> 27.222222 | I9: =IF(F9=0,0,H9+Inputs!C55*D9) -> 27.222222 | J9: =IF(F9=0,0,IF(AND(ISNUMBER(E9),E9>=1,E9<=10),Inputs!C56*E9,NA())) -> 11.437006 | K9: =SQRT(I9^2+J9^2) -> 29.527182 | L9: =IF(F9=0,0,DEGREES(ATAN(I9/J9))) -> 67.211024 | M9: =IF(F9=0,0,G9*I9/K9) -> 76.828141 | N9: =IF(F9=0,0,G9*J9/K9) -> 32.278183 | O9: =IF(F9=0,0,IF(Inputs!E27="OK",SQRT(K9/(2*Inputs!C27*Inputs!C57)),NA())) -> 15.422305 | P9: =AU9 -> 2.7691153 | Q9: =K9*P9 -> 81.764171 | R9: =I9*G9 -> 2268.5185 | S9: =IF(F9=0,0,IF(Inputs!E30="OK",SUM(Q9:R9)/Inputs!C30,NA())) -> 3615.8195 | T9: =IF(AND(Inputs!E31="OK",Inputs!E32="OK"),S9/Inputs!C31+Inputs!C32,NA()) -> 4035.5772 | U9: =T9/Inputs!C62 -> 192.17035 | V9: =IF(Inputs!E25="OK",(T9-Inputs!C32)/Inputs!C25,NA()) -> 1004.3943 | W9: =IF(F9=0,0,(P9*SQRT(N9^2+(M9+P9)^2)-O9^2)/O9^2) -> 2.6389039e-07 | X9: =$O9/2 -> 7.7111527 | Y9: =X9+IF(X9*SQRT($N9^2+($M9+X9)^2)<$O9^2,1,-1)*$O9/2^2 -> 3.8555764 | Z9: =Y9+IF(Y9*SQRT($N9^2+($M9+Y9)^2)<$O9^2,1,-1)*$O9/2^3 -> 1.9277882 | AA9: =Z9+IF(Z9*SQRT($N9^2+($M9+Z9)^2)<$O9^2,1,-1)*$O9/2^4 -> 2.8916823 | AB9: =AA9+IF(AA9*SQRT($N9^2+($M9+AA9)^2)<$O9^2,1,-1)*$O9/2^5 -> 2.4097352 | AC9: =AB9+IF(AB9*SQRT($N9^2+($M9+AB9)^2)<$O9^2,1,-1)*$O9/2^6 -> 2.6507088 | AD9: =AC9+IF(AC9*SQRT($N9^2+($M9+AC9)^2)<$O9^2,1,-1)*$O9/2^7 -> 2.7711955 | AE9: =AD9+IF(AD9*SQRT($N9^2+($M9+AD9)^2)<$O9^2,1,-1)*$O9/2^8 -> 2.7109521 | AF9: =AE9+IF(AE9*SQRT($N9^2+($M9+AE9)^2)<$O9^2,1,-1)*$O9/2^9 -> 2.7410738 | AG9: =AF9+IF(AF9*SQRT($N9^2+($M9+AF9)^2)<$O9^2,1,-1)*$O9/2^10 -> 2.7561347 | AH9: =AG9+IF(AG9*SQRT($N9^2+($M9+AG9)^2)<$O9^2,1,-1)*$O9/2^11 -> 2.7636651 | AI9: =AH9+IF(AH9*SQRT($N9^2+($M9+AH9)^2)<$O9^2,1,-1)*$O9/2^12 -> 2.7674303 | AJ9: =AI9+IF(AI9*SQRT($N9^2+($M9+AI9)^2)<$O9^2,1,-1)*$O9/2^13 -> 2.7693129 | AK9: =AJ9+IF(AJ9*SQRT($N9^2+($M9+AJ9)^2)<$O9^2,1,-1)*$O9/2^14 -> 2.7683716 | AL9: =AK9+IF(AK9*SQRT($N9^2+($M9+AK9)^2)<$O9^2,1,-1)*$O9/2^15 -> 2.7688423 | AM9: =AL9+IF(AL9*SQRT($N9^2+($M9+AL9)^2)<$O9^2,1,-1)*$O9/2^16 -> 2.7690776 | AN9: =AM9+IF(AM9*SQRT($N9^2+($M9+AM9)^2)<$O9^2,1,-1)*$O9/2^17 -> 2.7691952 | AO9: =AN9+IF(AN9*SQRT($N9^2+($M9+AN9)^2)<$O9^2,1,-1)*$O9/2^18 -> 2.7691364 | AP9: =AO9+IF(AO9*SQRT($N9^2+($M9+AO9)^2)<$O9^2,1,-1)*$O9/2^19 -> 2.769107 | AQ9: =AP9+IF(AP9*SQRT($N9^2+($M9+AP9)^2)<$O9^2,1,-1)*$O9/2^20 -> 2.7691217 | AR9: =AQ9+IF(AQ9*SQRT($N9^2+($M9+AQ9)^2)<$O9^2,1,-1)*$O9/2^21 -> 2.7691144 | AS9: =AR9+IF(AR9*SQRT($N9^2+($M9+AR9)^2)<$O9^2,1,-1)*$O9/2^22 -> 2.769118 | AT9: =AS9+IF(AS9*SQRT($N9^2+($M9+AS9)^2)<$O9^2,1,-1)*$O9/2^23 -> 2.7691162 | AU9: =AT9+IF(AT9*SQRT($N9^2+($M9+AT9)^2)<$O9^2,1,-1)*$O9/2^24 -> 2.7691153
C11: Airspeed (km/h) | K11: Thrust required (N) | T11: Electrical power (W)
B12: Speed sweep 1 | C12: =IF(AND(Inputs!E33="OK",Inputs!E34="OK"),Inputs!C33*Inputs!C34*0/20,NA()) -> 0 | D12: =0 -> 0 | E12: =1 -> 1 | F12: 1 | G12: =C12/3.6 -> 0 | H12: =IF(Inputs!E27="OK",0.5*Inputs!C27*Inputs!C58*G12^2,NA()) -> 0 | I12: =IF(F12=0,0,H12+Inputs!C55*D12) -> 0 | J12: =IF(F12=0,0,IF(AND(ISNUMBER(E12),E12>=1,E12<=10),Inputs!C56*E12,NA())) -> 11.437006 | K12: =SQRT(I12^2+J12^2) -> 11.437006 | L12: =IF(F12=0,0,DEGREES(ATAN(I12/J12))) -> 0 | M12: =IF(F12=0,0,G12*I12/K12) -> 0 | N12: =IF(F12=0,0,G12*J12/K12) -> 0 | O12: =IF(F12=0,0,IF(Inputs!E27="OK",SQRT(K12/(2*Inputs!C27*Inputs!C57)),NA())) -> 9.5983032 | P12: =AU12 -> 9.5983027 | Q12: =K12*P12 -> 109.77584 | R12: =I12*G12 -> 0 | S12: =IF(F12=0,0,IF(Inputs!E30="OK",SUM(Q12:R12)/Inputs!C30,NA())) -> 168.88591 | T12: =IF(AND(Inputs!E31="OK",Inputs!E32="OK"),S12/Inputs!C31+Inputs!C32,NA()) -> 205.65101 | U12: =T12/Inputs!C62 -> 9.7929053 | V12: =IF(Inputs!E25="OK",(T12-Inputs!C32)/Inputs!C25,NA()) -> 46.912753 | W12: =IF(F12=0,0,(P12*SQRT(N12^2+(M12+P12)^2)-O12^2)/O12^2) -> -1.1920929e-07 | X12: =$O12/2 -> 4.7991516 | Y12: =X12+IF(X12*SQRT($N12^2+($M12+X12)^2)<$O12^2,1,-1)*$O12/2^2 -> 7.1987274 | Z12: =Y12+IF(Y12*SQRT($N12^2+($M12+Y12)^2)<$O12^2,1,-1)*$O12/2^3 -> 8.3985153 | AA12: =Z12+IF(Z12*SQRT($N12^2+($M12+Z12)^2)<$O12^2,1,-1)*$O12/2^4 -> 8.9984093 | AB12: =AA12+IF(AA12*SQRT($N12^2+($M12+AA12)^2)<$O12^2,1,-1)*$O12/2^5 -> 9.2983563 | AC12: =AB12+IF(AB12*SQRT($N12^2+($M12+AB12)^2)<$O12^2,1,-1)*$O12/2^6 -> 9.4483298 | AD12: =AC12+IF(AC12*SQRT($N12^2+($M12+AC12)^2)<$O12^2,1,-1)*$O12/2^7 -> 9.5233165 | AE12: =AD12+IF(AD12*SQRT($N12^2+($M12+AD12)^2)<$O12^2,1,-1)*$O12/2^8 -> 9.5608099 | AF12: =AE12+IF(AE12*SQRT($N12^2+($M12+AE12)^2)<$O12^2,1,-1)*$O12/2^9 -> 9.5795566 | AG12: =AF12+IF(AF12*SQRT($N12^2+($M12+AF12)^2)<$O12^2,1,-1)*$O12/2^10 -> 9.5889299 | AH12: =AG12+IF(AG12*SQRT($N12^2+($M12+AG12)^2)<$O12^2,1,-1)*$O12/2^11 -> 9.5936166 | AI12: =AH12+IF(AH12*SQRT($N12^2+($M12+AH12)^2)<$O12^2,1,-1)*$O12/2^12 -> 9.5959599 | AJ12: =AI12+IF(AI12*SQRT($N12^2+($M12+AI12)^2)<$O12^2,1,-1)*$O12/2^13 -> 9.5971316 | AK12: =AJ12+IF(AJ12*SQRT($N12^2+($M12+AJ12)^2)<$O12^2,1,-1)*$O12/2^14 -> 9.5977174 | AL12: =AK12+IF(AK12*SQRT($N12^2+($M12+AK12)^2)<$O12^2,1,-1)*$O12/2^15 -> 9.5980103 | AM12: =AL12+IF(AL12*SQRT($N12^2+($M12+AL12)^2)<$O12^2,1,-1)*$O12/2^16 -> 9.5981568 | AN12: =AM12+IF(AM12*SQRT($N12^2+($M12+AM12)^2)<$O12^2,1,-1)*$O12/2^17 -> 9.59823 | AO12: =AN12+IF(AN12*SQRT($N12^2+($M12+AN12)^2)<$O12^2,1,-1)*$O12/2^18 -> 9.5982666 | AP12: =AO12+IF(AO12*SQRT($N12^2+($M12+AO12)^2)<$O12^2,1,-1)*$O12/2^19 -> 9.5982849 | AQ12: =AP12+IF(AP12*SQRT($N12^2+($M12+AP12)^2)<$O12^2,1,-1)*$O12/2^20 -> 9.5982941 | AR12: =AQ12+IF(AQ12*SQRT($N12^2+($M12+AQ12)^2)<$O12^2,1,-1)*$O12/2^21 -> 9.5982987 | AS12: =AR12+IF(AR12*SQRT($N12^2+($M12+AR12)^2)<$O12^2,1,-1)*$O12/2^22 -> 9.598301 | AT12: =AS12+IF(AS12*SQRT($N12^2+($M12+AS12)^2)<$O12^2,1,-1)*$O12/2^23 -> 9.5983021 | AU12: =AT12+IF(AT12*SQRT($N12^2+($M12+AT12)^2)<$O12^2,1,-1)*$O12/2^24 -> 9.5983027
B13: Speed sweep 2 | C13: =IF(AND(Inputs!E33="OK",Inputs!E34="OK"),Inputs!C33*Inputs!C34*1/20,NA()) -> 18 | D13: =0 -> 0 | E13: =1 -> 1 | F13: 1 | G13: =C13/3.6 -> 5 | H13: =IF(Inputs!E27="OK",0.5*Inputs!C27*Inputs!C58*G13^2,NA()) -> 0.098 | I13: =IF(F13=0,0,H13+Inputs!C55*D13) -> 0.098 | J13: =IF(F13=0,0,IF(AND(ISNUMBER(E13),E13>=1,E13<=10),Inputs!C56*E13,NA())) -> 11.437006 | K13: =SQRT(I13^2+J13^2) -> 11.437425 | L13: =IF(F13=0,0,DEGREES(ATAN(I13/J13))) -> 0.49093698 | M13: =IF(F13=0,0,G13*I13/K13) -> 0.042841809 | N13: =IF(F13=0,0,G13*J13/K13) -> 4.9998165 | O13: =IF(F13=0,0,IF(Inputs!E27="OK",SQRT(K13/(2*Inputs!C27*Inputs!C57)),NA())) -> 9.5984794 | P13: =AU13 -> 8.9523025 | Q13: =K13*P13 -> 102.39129 | R13: =I13*G13 -> 0.49 | S13: =IF(F13=0,0,IF(Inputs!E30="OK",SUM(Q13:R13)/Inputs!C30,NA())) -> 158.27891 | T13: =IF(AND(Inputs!E31="OK",Inputs!E32="OK"),S13/Inputs!C31+Inputs!C32,NA()) -> 193.86546 | U13: =T13/Inputs!C62 -> 9.2316884 | V13: =IF(Inputs!E25="OK",(T13-Inputs!C32)/Inputs!C25,NA()) -> 43.966364 | W13: =IF(F13=0,0,(P13*SQRT(N13^2+(M13+P13)^2)-O13^2)/O13^2) -> -8.4309875e-08 | X13: =$O13/2 -> 4.7992397 | Y13: =X13+IF(X13*SQRT($N13^2+($M13+X13)^2)<$O13^2,1,-1)*$O13/2^2 -> 7.1988596 | Z13: =Y13+IF(Y13*SQRT($N13^2+($M13+Y13)^2)<$O13^2,1,-1)*$O13/2^3 -> 8.3986695 | AA13: =Z13+IF(Z13*SQRT($N13^2+($M13+Z13)^2)<$O13^2,1,-1)*$O13/2^4 -> 8.9985745 | AB13: =AA13+IF(AA13*SQRT($N13^2+($M13+AA13)^2)<$O13^2,1,-1)*$O13/2^5 -> 8.698622 | AC13: =AB13+IF(AB13*SQRT($N13^2+($M13+AB13)^2)<$O13^2,1,-1)*$O13/2^6 -> 8.8485982 | AD13: =AC13+IF(AC13*SQRT($N13^2+($M13+AC13)^2)<$O13^2,1,-1)*$O13/2^7 -> 8.9235863 | AE13: =AD13+IF(AD13*SQRT($N13^2+($M13+AD13)^2)<$O13^2,1,-1)*$O13/2^8 -> 8.9610804 | AF13: =AE13+IF(AE13*SQRT($N13^2+($M13+AE13)^2)<$O13^2,1,-1)*$O13/2^9 -> 8.9423334 | AG13: =AF13+IF(AF13*SQRT($N13^2+($M13+AF13)^2)<$O13^2,1,-1)*$O13/2^10 -> 8.9517069 | AH13: =AG13+IF(AG13*SQRT($N13^2+($M13+AG13)^2)<$O13^2,1,-1)*$O13/2^11 -> 8.9563936 | AI13: =AH13+IF(AH13*SQRT($N13^2+($M13+AH13)^2)<$O13^2,1,-1)*$O13/2^12 -> 8.9540503 | AJ13: =AI13+IF(AI13*SQRT($N13^2+($M13+AI13)^2)<$O13^2,1,-1)*$O13/2^13 -> 8.9528786 | AK13: =AJ13+IF(AJ13*SQRT($N13^2+($M13+AJ13)^2)<$O13^2,1,-1)*$O13/2^14 -> 8.9522927 | AL13: =AK13+IF(AK13*SQRT($N13^2+($M13+AK13)^2)<$O13^2,1,-1)*$O13/2^15 -> 8.9525856 | AM13: =AL13+IF(AL13*SQRT($N13^2+($M13+AL13)^2)<$O13^2,1,-1)*$O13/2^16 -> 8.9524392 | AN13: =AM13+IF(AM13*SQRT($N13^2+($M13+AM13)^2)<$O13^2,1,-1)*$O13/2^17 -> 8.952366 | AO13: =AN13+IF(AN13*SQRT($N13^2+($M13+AN13)^2)<$O13^2,1,-1)*$O13/2^18 -> 8.9523293 | AP13: =AO13+IF(AO13*SQRT($N13^2+($M13+AO13)^2)<$O13^2,1,-1)*$O13/2^19 -> 8.952311 | AQ13: =AP13+IF(AP13*SQRT($N13^2+($M13+AP13)^2)<$O13^2,1,-1)*$O13/2^20 -> 8.9523019 | AR13: =AQ13+IF(AQ13*SQRT($N13^2+($M13+AQ13)^2)<$O13^2,1,-1)*$O13/2^21 -> 8.9523065 | AS13: =AR13+IF(AR13*SQRT($N13^2+($M13+AR13)^2)<$O13^2,1,-1)*$O13/2^22 -> 8.9523042 | AT13: =AS13+IF(AS13*SQRT($N13^2+($M13+AS13)^2)<$O13^2,1,-1)*$O13/2^23 -> 8.952303 | AU13: =AT13+IF(AT13*SQRT($N13^2+($M13+AT13)^2)<$O13^2,1,-1)*$O13/2^24 -> 8.9523025
B14: Speed sweep 3 | C14: =IF(AND(Inputs!E33="OK",Inputs!E34="OK"),Inputs!C33*Inputs!C34*2/20,NA()) -> 36 | D14: =0 -> 0 | E14: =1 -> 1 | F14: 1 | G14: =C14/3.6 -> 10 | H14: =IF(Inputs!E27="OK",0.5*Inputs!C27*Inputs!C58*G14^2,NA()) -> 0.392 | I14: =IF(F14=0,0,H14+Inputs!C55*D14) -> 0.392 | J14: =IF(F14=0,0,IF(AND(ISNUMBER(E14),E14>=1,E14<=10),Inputs!C56*E14,NA())) -> 11.437006 | K14: =SQRT(I14^2+J14^2) -> 11.443721 | L14: =IF(F14=0,0,DEGREES(ATAN(I14/J14))) -> 1.9630275 | M14: =IF(F14=0,0,G14*I14/K14) -> 0.34254591 | N14: =IF(F14=0,0,G14*J14/K14) -> 9.9941314 | O14: =IF(F14=0,0,IF(Inputs!E27="OK",SQRT(K14/(2*Inputs!C27*Inputs!C57)),NA())) -> 9.6011209 | P14: =AU14 -> 7.3198131 | Q14: =K14*P14 -> 83.765901 | R14: =I14*G14 -> 3.92 | S14: =IF(F14=0,0,IF(Inputs!E30="OK",SUM(Q14:R14)/Inputs!C30,NA())) -> 134.90139 | T14: =IF(AND(Inputs!E31="OK",Inputs!E32="OK"),S14/Inputs!C31+Inputs!C32,NA()) -> 167.89043 | U14: =T14/Inputs!C62 -> 7.9947824 | V14: =IF(Inputs!E25="OK",(T14-Inputs!C32)/Inputs!C25,NA()) -> 37.472607 | W14: =IF(F14=0,0,(P14*SQRT(N14^2+(M14+P14)^2)-O14^2)/O14^2) -> 1.0286638e-07 | X14: =$O14/2 -> 4.8005605 | Y14: =X14+IF(X14*SQRT($N14^2+($M14+X14)^2)<$O14^2,1,-1)*$O14/2^2 -> 7.2008407 | Z14: =Y14+IF(Y14*SQRT($N14^2+($M14+Y14)^2)<$O14^2,1,-1)*$O14/2^3 -> 8.4009808 | AA14: =Z14+IF(Z14*SQRT($N14^2+($M14+Z14)^2)<$O14^2,1,-1)*$O14/2^4 -> 7.8009107 | AB14: =AA14+IF(AA14*SQRT($N14^2+($M14+AA14)^2)<$O14^2,1,-1)*$O14/2^5 -> 7.5008757 | AC14: =AB14+IF(AB14*SQRT($N14^2+($M14+AB14)^2)<$O14^2,1,-1)*$O14/2^6 -> 7.3508582 | AD14: =AC14+IF(AC14*SQRT($N14^2+($M14+AC14)^2)<$O14^2,1,-1)*$O14/2^7 -> 7.2758494 | AE14: =AD14+IF(AD14*SQRT($N14^2+($M14+AD14)^2)<$O14^2,1,-1)*$O14/2^8 -> 7.3133538 | AF14: =AE14+IF(AE14*SQRT($N14^2+($M14+AE14)^2)<$O14^2,1,-1)*$O14/2^9 -> 7.332106 | AG14: =AF14+IF(AF14*SQRT($N14^2+($M14+AF14)^2)<$O14^2,1,-1)*$O14/2^10 -> 7.3227299 | AH14: =AG14+IF(AG14*SQRT($N14^2+($M14+AG14)^2)<$O14^2,1,-1)*$O14/2^11 -> 7.3180419 | AI14: =AH14+IF(AH14*SQRT($N14^2+($M14+AH14)^2)<$O14^2,1,-1)*$O14/2^12 -> 7.3203859 | AJ14: =AI14+IF(AI14*SQRT($N14^2+($M14+AI14)^2)<$O14^2,1,-1)*$O14/2^13 -> 7.3192139 | AK14: =AJ14+IF(AJ14*SQRT($N14^2+($M14+AJ14)^2)<$O14^2,1,-1)*$O14/2^14 -> 7.3197999 | AL14: =AK14+IF(AK14*SQRT($N14^2+($M14+AK14)^2)<$O14^2,1,-1)*$O14/2^15 -> 7.3200929 | AM14: =AL14+IF(AL14*SQRT($N14^2+($M14+AL14)^2)<$O14^2,1,-1)*$O14/2^16 -> 7.3199464 | AN14: =AM14+IF(AM14*SQRT($N14^2+($M14+AM14)^2)<$O14^2,1,-1)*$O14/2^17 -> 7.3198731 | AO14: =AN14+IF(AN14*SQRT($N14^2+($M14+AN14)^2)<$O14^2,1,-1)*$O14/2^18 -> 7.3198365 | AP14: =AO14+IF(AO14*SQRT($N14^2+($M14+AO14)^2)<$O14^2,1,-1)*$O14/2^19 -> 7.3198182 | AQ14: =AP14+IF(AP14*SQRT($N14^2+($M14+AP14)^2)<$O14^2,1,-1)*$O14/2^20 -> 7.319809 | AR14: =AQ14+IF(AQ14*SQRT($N14^2+($M14+AQ14)^2)<$O14^2,1,-1)*$O14/2^21 -> 7.3198136 | AS14: =AR14+IF(AR14*SQRT($N14^2+($M14+AR14)^2)<$O14^2,1,-1)*$O14/2^22 -> 7.3198113 | AT14: =AS14+IF(AS14*SQRT($N14^2+($M14+AS14)^2)<$O14^2,1,-1)*$O14/2^23 -> 7.3198125 | AU14: =AT14+IF(AT14*SQRT($N14^2+($M14+AT14)^2)<$O14^2,1,-1)*$O14/2^24 -> 7.3198131
B15: Speed sweep 4 | C15: =IF(AND(Inputs!E33="OK",Inputs!E34="OK"),Inputs!C33*Inputs!C34*3/20,NA()) -> 54 | D15: =0 -> 0 | E15: =1 -> 1 | F15: 1 | G15: =C15/3.6 -> 15 | H15: =IF(Inputs!E27="OK",0.5*Inputs!C27*Inputs!C58*G15^2,NA()) -> 0.882 | I15: =IF(F15=0,0,H15+Inputs!C55*D15) -> 0.882 | J15: =IF(F15=0,0,IF(AND(ISNUMBER(E15),E15>=1,E15<=10),Inputs!C56*E15,NA())) -> 11.437006 | K15: =SQRT(I15^2+J15^2) -> 11.470964 | L15: =IF(F15=0,0,DEGREES(ATAN(I15/J15))) -> 4.4098128 | M15: =IF(F15=0,0,G15*I15/K15) -> 1.1533468 | N15: =IF(F15=0,0,G15*J15/K15) -> 14.955594 | O15: =IF(F15=0,0,IF(Inputs!E27="OK",SQRT(K15/(2*Inputs!C27*Inputs!C57)),NA())) -> 9.6125423 | P15: =AU15 -> 5.6270578 | Q15: =K15*P15 -> 64.547778 | R15: =I15*G15 -> 13.23 | S15: =IF(F15=0,0,IF(Inputs!E30="OK",SUM(Q15:R15)/Inputs!C30,NA())) -> 119.65812 | T15: =IF(AND(Inputs!E31="OK",Inputs!E32="OK"),S15/Inputs!C31+Inputs!C32,NA()) -> 150.95347 | U15: =T15/Inputs!C62 -> 7.1882604 | V15: =IF(Inputs!E25="OK",(T15-Inputs!C32)/Inputs!C25,NA()) -> 33.238367 | W15: =IF(F15=0,0,(P15*SQRT(N15^2+(M15+P15)^2)-O15^2)/O15^2) -> -7.0957456e-08 | X15: =$O15/2 -> 4.8062711 | Y15: =X15+IF(X15*SQRT($N15^2+($M15+X15)^2)<$O15^2,1,-1)*$O15/2^2 -> 7.2094067 | Z15: =Y15+IF(Y15*SQRT($N15^2+($M15+Y15)^2)<$O15^2,1,-1)*$O15/2^3 -> 6.0078389 | AA15: =Z15+IF(Z15*SQRT($N15^2+($M15+Z15)^2)<$O15^2,1,-1)*$O15/2^4 -> 5.407055 | AB15: =AA15+IF(AA15*SQRT($N15^2+($M15+AA15)^2)<$O15^2,1,-1)*$O15/2^5 -> 5.707447 | AC15: =AB15+IF(AB15*SQRT($N15^2+($M15+AB15)^2)<$O15^2,1,-1)*$O15/2^6 -> 5.557251 | AD15: =AC15+IF(AC15*SQRT($N15^2+($M15+AC15)^2)<$O15^2,1,-1)*$O15/2^7 -> 5.632349 | AE15: =AD15+IF(AD15*SQRT($N15^2+($M15+AD15)^2)<$O15^2,1,-1)*$O15/2^8 -> 5.5948 | AF15: =AE15+IF(AE15*SQRT($N15^2+($M15+AE15)^2)<$O15^2,1,-1)*$O15/2^9 -> 5.6135745 | AG15: =AF15+IF(AF15*SQRT($N15^2+($M15+AF15)^2)<$O15^2,1,-1)*$O15/2^10 -> 5.6229617 | AH15: =AG15+IF(AG15*SQRT($N15^2+($M15+AG15)^2)<$O15^2,1,-1)*$O15/2^11 -> 5.6276554 | AI15: =AH15+IF(AH15*SQRT($N15^2+($M15+AH15)^2)<$O15^2,1,-1)*$O15/2^12 -> 5.6253086 | AJ15: =AI15+IF(AI15*SQRT($N15^2+($M15+AI15)^2)<$O15^2,1,-1)*$O15/2^13 -> 5.626482 | AK15: =AJ15+IF(AJ15*SQRT($N15^2+($M15+AJ15)^2)<$O15^2,1,-1)*$O15/2^14 -> 5.6270687 | AL15: =AK15+IF(AK15*SQRT($N15^2+($M15+AK15)^2)<$O15^2,1,-1)*$O15/2^15 -> 5.6267753 | AM15: =AL15+IF(AL15*SQRT($N15^2+($M15+AL15)^2)<$O15^2,1,-1)*$O15/2^16 -> 5.626922 | AN15: =AM15+IF(AM15*SQRT($N15^2+($M15+AM15)^2)<$O15^2,1,-1)*$O15/2^17 -> 5.6269953 | AO15: =AN15+IF(AN15*SQRT($N15^2+($M15+AN15)^2)<$O15^2,1,-1)*$O15/2^18 -> 5.627032 | AP15: =AO15+IF(AO15*SQRT($N15^2+($M15+AO15)^2)<$O15^2,1,-1)*$O15/2^19 -> 5.6270503 | AQ15: =AP15+IF(AP15*SQRT($N15^2+($M15+AP15)^2)<$O15^2,1,-1)*$O15/2^20 -> 5.6270595 | AR15: =AQ15+IF(AQ15*SQRT($N15^2+($M15+AQ15)^2)<$O15^2,1,-1)*$O15/2^21 -> 5.6270549 | AS15: =AR15+IF(AR15*SQRT($N15^2+($M15+AR15)^2)<$O15^2,1,-1)*$O15/2^22 -> 5.6270572 | AT15: =AS15+IF(AS15*SQRT($N15^2+($M15+AS15)^2)<$O15^2,1,-1)*$O15/2^23 -> 5.6270584 | AU15: =AT15+IF(AT15*SQRT($N15^2+($M15+AT15)^2)<$O15^2,1,-1)*$O15/2^24 -> 5.6270578
B16: Speed sweep 5 | C16: =IF(AND(Inputs!E33="OK",Inputs!E34="OK"),Inputs!C33*Inputs!C34*4/20,NA()) -> 72 | D16: =0 -> 0 | E16: =1 -> 1 | F16: 1 | G16: =C16/3.6 -> 20 | H16: =IF(Inputs!E27="OK",0.5*Inputs!C27*Inputs!C58*G16^2,NA()) -> 1.568 | I16: =IF(F16=0,0,H16+Inputs!C55*D16) -> 1.568 | J16: =IF(F16=0,0,IF(AND(ISNUMBER(E16),E16>=1,E16<=10),Inputs!C56*E16,NA())) -> 11.437006 | K16: =SQRT(I16^2+J16^2) -> 11.543991 | L16: =IF(F16=0,0,DEGREES(ATAN(I16/J16))) -> 7.806516 | M16: =IF(F16=0,0,G16*I16/K16) -> 2.7165649 | N16: =IF(F16=0,0,G16*J16/K16) -> 19.814648 | O16: =IF(F16=0,0,IF(Inputs!E27="OK",SQRT(K16/(2*Inputs!C27*Inputs!C57)),NA())) -> 9.6430914 | P16: =AU16 -> 4.4156174 | Q16: =K16*P16 -> 50.973846 | R16: =I16*G16 -> 31.36 | S16: =IF(F16=0,0,IF(Inputs!E30="OK",SUM(Q16:R16)/Inputs!C30,NA())) -> 126.66746 | T16: =IF(AND(Inputs!E31="OK",Inputs!E32="OK"),S16/Inputs!C31+Inputs!C32,NA()) -> 158.74162 | U16: =T16/Inputs!C62 -> 7.5591246 | V16: =IF(Inputs!E25="OK",(T16-Inputs!C32)/Inputs!C25,NA()) -> 35.185404 | W16: =IF(F16=0,0,(P16*SQRT(N16^2+(M16+P16)^2)-O16^2)/O16^2) -> -1.0584795e-07 | X16: =$O16/2 -> 4.8215457 | Y16: =X16+IF(X16*SQRT($N16^2+($M16+X16)^2)<$O16^2,1,-1)*$O16/2^2 -> 2.4107729 | Z16: =Y16+IF(Y16*SQRT($N16^2+($M16+Y16)^2)<$O16^2,1,-1)*$O16/2^3 -> 3.6161593 | AA16: =Z16+IF(Z16*SQRT($N16^2+($M16+Z16)^2)<$O16^2,1,-1)*$O16/2^4 -> 4.2188525 | AB16: =AA16+IF(AA16*SQRT($N16^2+($M16+AA16)^2)<$O16^2,1,-1)*$O16/2^5 -> 4.5201991 | AC16: =AB16+IF(AB16*SQRT($N16^2+($M16+AB16)^2)<$O16^2,1,-1)*$O16/2^6 -> 4.3695258 | AD16: =AC16+IF(AC16*SQRT($N16^2+($M16+AC16)^2)<$O16^2,1,-1)*$O16/2^7 -> 4.4448624 | AE16: =AD16+IF(AD16*SQRT($N16^2+($M16+AD16)^2)<$O16^2,1,-1)*$O16/2^8 -> 4.4071941 | AF16: =AE16+IF(AE16*SQRT($N16^2+($M16+AE16)^2)<$O16^2,1,-1)*$O16/2^9 -> 4.4260283 | AG16: =AF16+IF(AF16*SQRT($N16^2+($M16+AF16)^2)<$O16^2,1,-1)*$O16/2^10 -> 4.4166112 | AH16: =AG16+IF(AG16*SQRT($N16^2+($M16+AG16)^2)<$O16^2,1,-1)*$O16/2^11 -> 4.4119027 | AI16: =AH16+IF(AH16*SQRT($N16^2+($M16+AH16)^2)<$O16^2,1,-1)*$O16/2^12 -> 4.4142569 | AJ16: =AI16+IF(AI16*SQRT($N16^2+($M16+AI16)^2)<$O16^2,1,-1)*$O16/2^13 -> 4.4154341 | AK16: =AJ16+IF(AJ16*SQRT($N16^2+($M16+AJ16)^2)<$O16^2,1,-1)*$O16/2^14 -> 4.4160226 | AL16: =AK16+IF(AK16*SQRT($N16^2+($M16+AK16)^2)<$O16^2,1,-1)*$O16/2^15 -> 4.4157284 | AM16: =AL16+IF(AL16*SQRT($N16^2+($M16+AL16)^2)<$O16^2,1,-1)*$O16/2^16 -> 4.4155812 | AN16: =AM16+IF(AM16*SQRT($N16^2+($M16+AM16)^2)<$O16^2,1,-1)*$O16/2^17 -> 4.4156548 | AO16: =AN16+IF(AN16*SQRT($N16^2+($M16+AN16)^2)<$O16^2,1,-1)*$O16/2^18 -> 4.415618 | AP16: =AO16+IF(AO16*SQRT($N16^2+($M16+AO16)^2)<$O16^2,1,-1)*$O16/2^19 -> 4.4155996 | AQ16: =AP16+IF(AP16*SQRT($N16^2+($M16+AP16)^2)<$O16^2,1,-1)*$O16/2^20 -> 4.4156088 | AR16: =AQ16+IF(AQ16*SQRT($N16^2+($M16+AQ16)^2)<$O16^2,1,-1)*$O16/2^21 -> 4.4156134 | AS16: =AR16+IF(AR16*SQRT($N16^2+($M16+AR16)^2)<$O16^2,1,-1)*$O16/2^22 -> 4.4156157 | AT16: =AS16+IF(AS16*SQRT($N16^2+($M16+AS16)^2)<$O16^2,1,-1)*$O16/2^23 -> 4.4156168 | AU16: =AT16+IF(AT16*SQRT($N16^2+($M16+AT16)^2)<$O16^2,1,-1)*$O16/2^24 -> 4.4156174
B17: Speed sweep 6 | C17: =IF(AND(Inputs!E33="OK",Inputs!E34="OK"),Inputs!C33*Inputs!C34*5/20,NA()) -> 90 | D17: =0 -> 0 | E17: =1 -> 1 | F17: 1 | G17: =C17/3.6 -> 25 | H17: =IF(Inputs!E27="OK",0.5*Inputs!C27*Inputs!C58*G17^2,NA()) -> 2.45 | I17: =IF(F17=0,0,H17+Inputs!C55*D17) -> 2.45 | J17: =IF(F17=0,0,IF(AND(ISNUMBER(E17),E17>=1,E17<=10),Inputs!C56*E17,NA())) -> 11.437006 | K17: =SQRT(I17^2+J17^2) -> 11.696478 | L17: =IF(F17=0,0,DEGREES(ATAN(I17/J17))) -> 12.090988 | M17: =IF(F17=0,0,G17*I17/K17) -> 5.2366191 | N17: =IF(F17=0,0,G17*J17/K17) -> 24.445405 | O17: =IF(F17=0,0,IF(Inputs!E27="OK",SQRT(K17/(2*Inputs!C27*Inputs!C57)),NA())) -> 9.7065714 | P17: =AU17 -> 3.6235362 | Q17: =K17*P17 -> 42.382611 | R17: =I17*G17 -> 61.25 | S17: =IF(F17=0,0,IF(Inputs!E30="OK",SUM(Q17:R17)/Inputs!C30,NA())) -> 159.43479 | T17: =IF(AND(Inputs!E31="OK",Inputs!E32="OK"),S17/Inputs!C31+Inputs!C32,NA()) -> 195.14976 | U17: =T17/Inputs!C62 -> 9.2928458 | V17: =IF(Inputs!E25="OK",(T17-Inputs!C32)/Inputs!C25,NA()) -> 44.28744 | W17: =IF(F17=0,0,(P17*SQRT(N17^2+(M17+P17)^2)-O17^2)/O17^2) -> -1.9373448e-08 | X17: =$O17/2 -> 4.8532857 | Y17: =X17+IF(X17*SQRT($N17^2+($M17+X17)^2)<$O17^2,1,-1)*$O17/2^2 -> 2.4266429 | Z17: =Y17+IF(Y17*SQRT($N17^2+($M17+Y17)^2)<$O17^2,1,-1)*$O17/2^3 -> 3.6399643 | AA17: =Z17+IF(Z17*SQRT($N17^2+($M17+Z17)^2)<$O17^2,1,-1)*$O17/2^4 -> 3.0333036 | AB17: =AA17+IF(AA17*SQRT($N17^2+($M17+AA17)^2)<$O17^2,1,-1)*$O17/2^5 -> 3.3366339 | AC17: =AB17+IF(AB17*SQRT($N17^2+($M17+AB17)^2)<$O17^2,1,-1)*$O17/2^6 -> 3.4882991 | AD17: =AC17+IF(AC17*SQRT($N17^2+($M17+AC17)^2)<$O17^2,1,-1)*$O17/2^7 -> 3.5641317 | AE17: =AD17+IF(AD17*SQRT($N17^2+($M17+AD17)^2)<$O17^2,1,-1)*$O17/2^8 -> 3.602048 | AF17: =AE17+IF(AE17*SQRT($N17^2+($M17+AE17)^2)<$O17^2,1,-1)*$O17/2^9 -> 3.6210061 | AG17: =AF17+IF(AF17*SQRT($N17^2+($M17+AF17)^2)<$O17^2,1,-1)*$O17/2^10 -> 3.6304852 | AH17: =AG17+IF(AG17*SQRT($N17^2+($M17+AG17)^2)<$O17^2,1,-1)*$O17/2^11 -> 3.6257457 | AI17: =AH17+IF(AH17*SQRT($N17^2+($M17+AH17)^2)<$O17^2,1,-1)*$O17/2^12 -> 3.6233759 | AJ17: =AI17+IF(AI17*SQRT($N17^2+($M17+AI17)^2)<$O17^2,1,-1)*$O17/2^13 -> 3.6245608 | AK17: =AJ17+IF(AJ17*SQRT($N17^2+($M17+AJ17)^2)<$O17^2,1,-1)*$O17/2^14 -> 3.6239683 | AL17: =AK17+IF(AK17*SQRT($N17^2+($M17+AK17)^2)<$O17^2,1,-1)*$O17/2^15 -> 3.6236721 | AM17: =AL17+IF(AL17*SQRT($N17^2+($M17+AL17)^2)<$O17^2,1,-1)*$O17/2^16 -> 3.623524 | AN17: =AM17+IF(AM17*SQRT($N17^2+($M17+AM17)^2)<$O17^2,1,-1)*$O17/2^17 -> 3.6235981 | AO17: =AN17+IF(AN17*SQRT($N17^2+($M17+AN17)^2)<$O17^2,1,-1)*$O17/2^18 -> 3.623561 | AP17: =AO17+IF(AO17*SQRT($N17^2+($M17+AO17)^2)<$O17^2,1,-1)*$O17/2^19 -> 3.6235425 | AQ17: =AP17+IF(AP17*SQRT($N17^2+($M17+AP17)^2)<$O17^2,1,-1)*$O17/2^20 -> 3.6235333 | AR17: =AQ17+IF(AQ17*SQRT($N17^2+($M17+AQ17)^2)<$O17^2,1,-1)*$O17/2^21 -> 3.6235379 | AS17: =AR17+IF(AR17*SQRT($N17^2+($M17+AR17)^2)<$O17^2,1,-1)*$O17/2^22 -> 3.6235356 | AT17: =AS17+IF(AS17*SQRT($N17^2+($M17+AS17)^2)<$O17^2,1,-1)*$O17/2^23 -> 3.6235367 | AU17: =AT17+IF(AT17*SQRT($N17^2+($M17+AT17)^2)<$O17^2,1,-1)*$O17/2^24 -> 3.6235362
B18: Speed sweep 7 | C18: =IF(AND(Inputs!E33="OK",Inputs!E34="OK"),Inputs!C33*Inputs!C34*6/20,NA()) -> 108 | D18: =0 -> 0 | E18: =1 -> 1 | F18: 1 | G18: =C18/3.6 -> 30 | H18: =IF(Inputs!E27="OK",0.5*Inputs!C27*Inputs!C58*G18^2,NA()) -> 3.528 | I18: =IF(F18=0,0,H18+Inputs!C55*D18) -> 3.528 | J18: =IF(F18=0,0,IF(AND(ISNUMBER(E18),E18>=1,E18<=10),Inputs!C56*E18,NA())) -> 11.437006 | K18: =SQRT(I18^2+J18^2) -> 11.968788 | L18: =IF(F18=0,0,DEGREES(ATAN(I18/J18))) -> 17.143548 | M18: =IF(F18=0,0,G18*I18/K18) -> 8.8430008 | N18: =IF(F18=0,0,G18*J18/K18) -> 28.667078 | O18: =IF(F18=0,0,IF(Inputs!E27="OK",SQRT(K18/(2*Inputs!C27*Inputs!C57)),NA())) -> 9.8189124 | P18: =AU18 -> 3.1043218 | Q18: =K18*P18 -> 37.154969 | R18: =I18*G18 -> 105.84 | S18: =IF(F18=0,0,IF(Inputs!E30="OK",SUM(Q18:R18)/Inputs!C30,NA())) -> 219.99226 | T18: =IF(AND(Inputs!E31="OK",Inputs!E32="OK"),S18/Inputs!C31+Inputs!C32,NA()) -> 262.43584 | U18: =T18/Inputs!C62 -> 12.496945 | V18: =IF(Inputs!E25="OK",(T18-Inputs!C32)/Inputs!C25,NA()) -> 61.108961 | W18: =IF(F18=0,0,(P18*SQRT(N18^2+(M18+P18)^2)-O18^2)/O18^2) -> 1.3262767e-07 | X18: =$O18/2 -> 4.9094562 | Y18: =X18+IF(X18*SQRT($N18^2+($M18+X18)^2)<$O18^2,1,-1)*$O18/2^2 -> 2.4547281 | Z18: =Y18+IF(Y18*SQRT($N18^2+($M18+Y18)^2)<$O18^2,1,-1)*$O18/2^3 -> 3.6820921 | AA18: =Z18+IF(Z18*SQRT($N18^2+($M18+Z18)^2)<$O18^2,1,-1)*$O18/2^4 -> 3.0684101 | AB18: =AA18+IF(AA18*SQRT($N18^2+($M18+AA18)^2)<$O18^2,1,-1)*$O18/2^5 -> 3.3752511 | AC18: =AB18+IF(AB18*SQRT($N18^2+($M18+AB18)^2)<$O18^2,1,-1)*$O18/2^6 -> 3.2218306 | AD18: =AC18+IF(AC18*SQRT($N18^2+($M18+AC18)^2)<$O18^2,1,-1)*$O18/2^7 -> 3.1451204 | AE18: =AD18+IF(AD18*SQRT($N18^2+($M18+AD18)^2)<$O18^2,1,-1)*$O18/2^8 -> 3.1067652 | AF18: =AE18+IF(AE18*SQRT($N18^2+($M18+AE18)^2)<$O18^2,1,-1)*$O18/2^9 -> 3.0875877 | AG18: =AF18+IF(AF18*SQRT($N18^2+($M18+AF18)^2)<$O18^2,1,-1)*$O18/2^10 -> 3.0971765 | AH18: =AG18+IF(AG18*SQRT($N18^2+($M18+AG18)^2)<$O18^2,1,-1)*$O18/2^11 -> 3.1019708 | AI18: =AH18+IF(AH18*SQRT($N18^2+($M18+AH18)^2)<$O18^2,1,-1)*$O18/2^12 -> 3.104368 | AJ18: =AI18+IF(AI18*SQRT($N18^2+($M18+AI18)^2)<$O18^2,1,-1)*$O18/2^13 -> 3.1031694 | AK18: =AJ18+IF(AJ18*SQRT($N18^2+($M18+AJ18)^2)<$O18^2,1,-1)*$O18/2^14 -> 3.1037687 | AL18: =AK18+IF(AK18*SQRT($N18^2+($M18+AK18)^2)<$O18^2,1,-1)*$O18/2^15 -> 3.1040684 | AM18: =AL18+IF(AL18*SQRT($N18^2+($M18+AL18)^2)<$O18^2,1,-1)*$O18/2^16 -> 3.1042182 | AN18: =AM18+IF(AM18*SQRT($N18^2+($M18+AM18)^2)<$O18^2,1,-1)*$O18/2^17 -> 3.1042931 | AO18: =AN18+IF(AN18*SQRT($N18^2+($M18+AN18)^2)<$O18^2,1,-1)*$O18/2^18 -> 3.1043306 | AP18: =AO18+IF(AO18*SQRT($N18^2+($M18+AO18)^2)<$O18^2,1,-1)*$O18/2^19 -> 3.1043119 | AQ18: =AP18+IF(AP18*SQRT($N18^2+($M18+AP18)^2)<$O18^2,1,-1)*$O18/2^20 -> 3.1043212 | AR18: =AQ18+IF(AQ18*SQRT($N18^2+($M18+AQ18)^2)<$O18^2,1,-1)*$O18/2^21 -> 3.1043259 | AS18: =AR18+IF(AR18*SQRT($N18^2+($M18+AR18)^2)<$O18^2,1,-1)*$O18/2^22 -> 3.1043236 | AT18: =AS18+IF(AS18*SQRT($N18^2+($M18+AS18)^2)<$O18^2,1,-1)*$O18/2^23 -> 3.1043224 | AU18: =AT18+IF(AT18*SQRT($N18^2+($M18+AT18)^2)<$O18^2,1,-1)*$O18/2^24 -> 3.1043218
B19: Speed sweep 8 | C19: =IF(AND(Inputs!E33="OK",Inputs!E34="OK"),Inputs!C33*Inputs!C34*7/20,NA()) -> 126 | D19: =0 -> 0 | E19: =1 -> 1 | F19: 1 | G19: =C19/3.6 -> 35 | H19: =IF(Inputs!E27="OK",0.5*Inputs!C27*Inputs!C58*G19^2,NA()) -> 4.802 | I19: =IF(F19=0,0,H19+Inputs!C55*D19) -> 4.802 | J19: =IF(F19=0,0,IF(AND(ISNUMBER(E19),E19>=1,E19<=10),Inputs!C56*E19,NA())) -> 11.437006 | K19: =SQRT(I19^2+J19^2) -> 12.404205 | L19: =IF(F19=0,0,DEGREES(ATAN(I19/J19))) -> 22.775837 | M19: =IF(F19=0,0,G19*I19/K19) -> 13.549438 | N19: =IF(F19=0,0,G19*J19/K19) -> 32.270927 | O19: =IF(F19=0,0,IF(Inputs!E27="OK",SQRT(K19/(2*Inputs!C27*Inputs!C57)),NA())) -> 9.9959199 | P19: =AU19 -> 2.763261 | Q19: =K19*P19 -> 34.276056 | R19: =I19*G19 -> 168.07 | S19: =IF(F19=0,0,IF(Inputs!E30="OK",SUM(Q19:R19)/Inputs!C30,NA())) -> 311.30162 | T19: =IF(AND(Inputs!E31="OK",Inputs!E32="OK"),S19/Inputs!C31+Inputs!C32,NA()) -> 363.89069 | U19: =T19/Inputs!C62 -> 17.328128 | V19: =IF(Inputs!E25="OK",(T19-Inputs!C32)/Inputs!C25,NA()) -> 86.472673 | W19: =IF(F19=0,0,(P19*SQRT(N19^2+(M19+P19)^2)-O19^2)/O19^2) -> 6.4420053e-08 | X19: =$O19/2 -> 4.9979599 | Y19: =X19+IF(X19*SQRT($N19^2+($M19+X19)^2)<$O19^2,1,-1)*$O19/2^2 -> 2.49898 | Z19: =Y19+IF(Y19*SQRT($N19^2+($M19+Y19)^2)<$O19^2,1,-1)*$O19/2^3 -> 3.74847 | AA19: =Z19+IF(Z19*SQRT($N19^2+($M19+Z19)^2)<$O19^2,1,-1)*$O19/2^4 -> 3.123725 | AB19: =AA19+IF(AA19*SQRT($N19^2+($M19+AA19)^2)<$O19^2,1,-1)*$O19/2^5 -> 2.8113525 | AC19: =AB19+IF(AB19*SQRT($N19^2+($M19+AB19)^2)<$O19^2,1,-1)*$O19/2^6 -> 2.6551662 | AD19: =AC19+IF(AC19*SQRT($N19^2+($M19+AC19)^2)<$O19^2,1,-1)*$O19/2^7 -> 2.7332593 | AE19: =AD19+IF(AD19*SQRT($N19^2+($M19+AD19)^2)<$O19^2,1,-1)*$O19/2^8 -> 2.7723059 | AF19: =AE19+IF(AE19*SQRT($N19^2+($M19+AE19)^2)<$O19^2,1,-1)*$O19/2^9 -> 2.7527826 | AG19: =AF19+IF(AF19*SQRT($N19^2+($M19+AF19)^2)<$O19^2,1,-1)*$O19/2^10 -> 2.7625443 | AH19: =AG19+IF(AG19*SQRT($N19^2+($M19+AG19)^2)<$O19^2,1,-1)*$O19/2^11 -> 2.7674251 | AI19: =AH19+IF(AH19*SQRT($N19^2+($M19+AH19)^2)<$O19^2,1,-1)*$O19/2^12 -> 2.7649847 | AJ19: =AI19+IF(AI19*SQRT($N19^2+($M19+AI19)^2)<$O19^2,1,-1)*$O19/2^13 -> 2.7637645 | AK19: =AJ19+IF(AJ19*SQRT($N19^2+($M19+AJ19)^2)<$O19^2,1,-1)*$O19/2^14 -> 2.7631544 | AL19: =AK19+IF(AK19*SQRT($N19^2+($M19+AK19)^2)<$O19^2,1,-1)*$O19/2^15 -> 2.7634594 | AM19: =AL19+IF(AL19*SQRT($N19^2+($M19+AL19)^2)<$O19^2,1,-1)*$O19/2^16 -> 2.7633069 | AN19: =AM19+IF(AM19*SQRT($N19^2+($M19+AM19)^2)<$O19^2,1,-1)*$O19/2^17 -> 2.7632306 | AO19: =AN19+IF(AN19*SQRT($N19^2+($M19+AN19)^2)<$O19^2,1,-1)*$O19/2^18 -> 2.7632688 | AP19: =AO19+IF(AO19*SQRT($N19^2+($M19+AO19)^2)<$O19^2,1,-1)*$O19/2^19 -> 2.7632497 | AQ19: =AP19+IF(AP19*SQRT($N19^2+($M19+AP19)^2)<$O19^2,1,-1)*$O19/2^20 -> 2.7632592 | AR19: =AQ19+IF(AQ19*SQRT($N19^2+($M19+AQ19)^2)<$O19^2,1,-1)*$O19/2^21 -> 2.763264 | AS19: =AR19+IF(AR19*SQRT($N19^2+($M19+AR19)^2)<$O19^2,1,-1)*$O19/2^22 -> 2.7632616 | AT19: =AS19+IF(AS19*SQRT($N19^2+($M19+AS19)^2)<$O19^2,1,-1)*$O19/2^23 -> 2.7632604 | AU19: =AT19+IF(AT19*SQRT($N19^2+($M19+AT19)^2)<$O19^2,1,-1)*$O19/2^24 -> 2.763261
B20: Speed sweep 9 | C20: =IF(AND(Inputs!E33="OK",Inputs!E34="OK"),Inputs!C33*Inputs!C34*8/20,NA()) -> 144 | D20: =0 -> 0 | E20: =1 -> 1 | F20: 1 | G20: =C20/3.6 -> 40 | H20: =IF(Inputs!E27="OK",0.5*Inputs!C27*Inputs!C58*G20^2,NA()) -> 6.272 | I20: =IF(F20=0,0,H20+Inputs!C55*D20) -> 6.272 | J20: =IF(F20=0,0,IF(AND(ISNUMBER(E20),E20>=1,E20<=10),Inputs!C56*E20,NA())) -> 11.437006 | K20: =SQRT(I20^2+J20^2) -> 13.043891 | L20: =IF(F20=0,0,DEGREES(ATAN(I20/J20))) -> 28.740156 | M20: =IF(F20=0,0,G20*I20/K20) -> 19.233525 | N20: =IF(F20=0,0,G20*J20/K20) -> 35.072375 | O20: =IF(F20=0,0,IF(Inputs!E27="OK",SQRT(K20/(2*Inputs!C27*Inputs!C57)),NA())) -> 10.250425 | P20: =AU20 -> 2.5450756 | Q20: =K20*P20 -> 33.197688 | R20: =I20*G20 -> 250.88 | S20: =IF(F20=0,0,IF(Inputs!E30="OK",SUM(Q20:R20)/Inputs!C30,NA())) -> 437.0426 | T20: =IF(AND(Inputs!E31="OK",Inputs!E32="OK"),S20/Inputs!C31+Inputs!C32,NA()) -> 503.60288 | U20: =T20/Inputs!C62 -> 23.98109 | V20: =IF(Inputs!E25="OK",(T20-Inputs!C32)/Inputs!C25,NA()) -> 121.40072 | W20: =IF(F20=0,0,(P20*SQRT(N20^2+(M20+P20)^2)-O20^2)/O20^2) -> 5.7151359e-08 | X20: =$O20/2 -> 5.1252125 | Y20: =X20+IF(X20*SQRT($N20^2+($M20+X20)^2)<$O20^2,1,-1)*$O20/2^2 -> 2.5626063 | Z20: =Y20+IF(Y20*SQRT($N20^2+($M20+Y20)^2)<$O20^2,1,-1)*$O20/2^3 -> 1.2813031 | AA20: =Z20+IF(Z20*SQRT($N20^2+($M20+Z20)^2)<$O20^2,1,-1)*$O20/2^4 -> 1.9219547 | AB20: =AA20+IF(AA20*SQRT($N20^2+($M20+AA20)^2)<$O20^2,1,-1)*$O20/2^5 -> 2.2422805 | AC20: =AB20+IF(AB20*SQRT($N20^2+($M20+AB20)^2)<$O20^2,1,-1)*$O20/2^6 -> 2.4024434 | AD20: =AC20+IF(AC20*SQRT($N20^2+($M20+AC20)^2)<$O20^2,1,-1)*$O20/2^7 -> 2.4825248 | AE20: =AD20+IF(AD20*SQRT($N20^2+($M20+AD20)^2)<$O20^2,1,-1)*$O20/2^8 -> 2.5225655 | AF20: =AE20+IF(AE20*SQRT($N20^2+($M20+AE20)^2)<$O20^2,1,-1)*$O20/2^9 -> 2.5425859 | AG20: =AF20+IF(AF20*SQRT($N20^2+($M20+AF20)^2)<$O20^2,1,-1)*$O20/2^10 -> 2.5525961 | AH20: =AG20+IF(AG20*SQRT($N20^2+($M20+AG20)^2)<$O20^2,1,-1)*$O20/2^11 -> 2.547591 | AI20: =AH20+IF(AH20*SQRT($N20^2+($M20+AH20)^2)<$O20^2,1,-1)*$O20/2^12 -> 2.5450884 | AJ20: =AI20+IF(AI20*SQRT($N20^2+($M20+AI20)^2)<$O20^2,1,-1)*$O20/2^13 -> 2.5438372 | AK20: =AJ20+IF(AJ20*SQRT($N20^2+($M20+AJ20)^2)<$O20^2,1,-1)*$O20/2^14 -> 2.5444628 | AL20: =AK20+IF(AK20*SQRT($N20^2+($M20+AK20)^2)<$O20^2,1,-1)*$O20/2^15 -> 2.5447756 | AM20: =AL20+IF(AL20*SQRT($N20^2+($M20+AL20)^2)<$O20^2,1,-1)*$O20/2^16 -> 2.544932 | AN20: =AM20+IF(AM20*SQRT($N20^2+($M20+AM20)^2)<$O20^2,1,-1)*$O20/2^17 -> 2.5450102 | AO20: =AN20+IF(AN20*SQRT($N20^2+($M20+AN20)^2)<$O20^2,1,-1)*$O20/2^18 -> 2.5450493 | AP20: =AO20+IF(AO20*SQRT($N20^2+($M20+AO20)^2)<$O20^2,1,-1)*$O20/2^19 -> 2.5450689 | AQ20: =AP20+IF(AP20*SQRT($N20^2+($M20+AP20)^2)<$O20^2,1,-1)*$O20/2^20 -> 2.5450787 | AR20: =AQ20+IF(AQ20*SQRT($N20^2+($M20+AQ20)^2)<$O20^2,1,-1)*$O20/2^21 -> 2.5450738 | AS20: =AR20+IF(AR20*SQRT($N20^2+($M20+AR20)^2)<$O20^2,1,-1)*$O20/2^22 -> 2.5450762 | AT20: =AS20+IF(AS20*SQRT($N20^2+($M20+AS20)^2)<$O20^2,1,-1)*$O20/2^23 -> 2.545075 | AU20: =AT20+IF(AT20*SQRT($N20^2+($M20+AT20)^2)<$O20^2,1,-1)*$O20/2^24 -> 2.5450756
B21: Speed sweep 10 | C21: =IF(AND(Inputs!E33="OK",Inputs!E34="OK"),Inputs!C33*Inputs!C34*9/20,NA()) -> 162 | D21: =0 -> 0 | E21: =1 -> 1 | F21: 1 | G21: =C21/3.6 -> 45 | H21: =IF(Inputs!E27="OK",0.5*Inputs!C27*Inputs!C58*G21^2,NA()) -> 7.938 | I21: =IF(F21=0,0,H21+Inputs!C55*D21) -> 7.938 | J21: =IF(F21=0,0,IF(AND(ISNUMBER(E21),E21>=1,E21<=10),Inputs!C56*E21,NA())) -> 11.437006 | K21: =SQRT(I21^2+J21^2) -> 13.921815 | L21: =IF(F21=0,0,DEGREES(ATAN(I21/J21))) -> 34.763076 | M21: =IF(F21=0,0,G21*I21/K21) -> 25.658292 | N21: =IF(F21=0,0,G21*J21/K21) -> 36.968257 | O21: =IF(F21=0,0,IF(Inputs!E27="OK",SQRT(K21/(2*Inputs!C27*Inputs!C57)),NA())) -> 10.589763 | P21: =AU21 -> 2.4158393 | Q21: =K21*P21 -> 33.632868 | R21: =I21*G21 -> 357.21 | S21: =IF(F21=0,0,IF(Inputs!E30="OK",SUM(Q21:R21)/Inputs!C30,NA())) -> 601.29672 | T21: =IF(AND(Inputs!E31="OK",Inputs!E32="OK"),S21/Inputs!C31+Inputs!C32,NA()) -> 686.10747 | U21: =T21/Inputs!C62 -> 32.671784 | V21: =IF(Inputs!E25="OK",(T21-Inputs!C32)/Inputs!C25,NA()) -> 167.02687 | W21: =IF(F21=0,0,(P21*SQRT(N21^2+(M21+P21)^2)-O21^2)/O21^2) -> -1.2226612e-07 | X21: =$O21/2 -> 5.2948814 | Y21: =X21+IF(X21*SQRT($N21^2+($M21+X21)^2)<$O21^2,1,-1)*$O21/2^2 -> 2.6474407 | Z21: =Y21+IF(Y21*SQRT($N21^2+($M21+Y21)^2)<$O21^2,1,-1)*$O21/2^3 -> 1.3237204 | AA21: =Z21+IF(Z21*SQRT($N21^2+($M21+Z21)^2)<$O21^2,1,-1)*$O21/2^4 -> 1.9855805 | AB21: =AA21+IF(AA21*SQRT($N21^2+($M21+AA21)^2)<$O21^2,1,-1)*$O21/2^5 -> 2.3165106 | AC21: =AB21+IF(AB21*SQRT($N21^2+($M21+AB21)^2)<$O21^2,1,-1)*$O21/2^6 -> 2.4819757 | AD21: =AC21+IF(AC21*SQRT($N21^2+($M21+AC21)^2)<$O21^2,1,-1)*$O21/2^7 -> 2.3992431 | AE21: =AD21+IF(AD21*SQRT($N21^2+($M21+AD21)^2)<$O21^2,1,-1)*$O21/2^8 -> 2.4406094 | AF21: =AE21+IF(AE21*SQRT($N21^2+($M21+AE21)^2)<$O21^2,1,-1)*$O21/2^9 -> 2.4199263 | AG21: =AF21+IF(AF21*SQRT($N21^2+($M21+AF21)^2)<$O21^2,1,-1)*$O21/2^10 -> 2.4095847 | AH21: =AG21+IF(AG21*SQRT($N21^2+($M21+AG21)^2)<$O21^2,1,-1)*$O21/2^11 -> 2.4147555 | AI21: =AH21+IF(AH21*SQRT($N21^2+($M21+AH21)^2)<$O21^2,1,-1)*$O21/2^12 -> 2.4173409 | AJ21: =AI21+IF(AI21*SQRT($N21^2+($M21+AI21)^2)<$O21^2,1,-1)*$O21/2^13 -> 2.4160482 | AK21: =AJ21+IF(AJ21*SQRT($N21^2+($M21+AJ21)^2)<$O21^2,1,-1)*$O21/2^14 -> 2.4154018 | AL21: =AK21+IF(AK21*SQRT($N21^2+($M21+AK21)^2)<$O21^2,1,-1)*$O21/2^15 -> 2.415725 | AM21: =AL21+IF(AL21*SQRT($N21^2+($M21+AL21)^2)<$O21^2,1,-1)*$O21/2^16 -> 2.4158866 | AN21: =AM21+IF(AM21*SQRT($N21^2+($M21+AM21)^2)<$O21^2,1,-1)*$O21/2^17 -> 2.4158058 | AO21: =AN21+IF(AN21*SQRT($N21^2+($M21+AN21)^2)<$O21^2,1,-1)*$O21/2^18 -> 2.4158462 | AP21: =AO21+IF(AO21*SQRT($N21^2+($M21+AO21)^2)<$O21^2,1,-1)*$O21/2^19 -> 2.415826 | AQ21: =AP21+IF(AP21*SQRT($N21^2+($M21+AP21)^2)<$O21^2,1,-1)*$O21/2^20 -> 2.4158361 | AR21: =AQ21+IF(AQ21*SQRT($N21^2+($M21+AQ21)^2)<$O21^2,1,-1)*$O21/2^21 -> 2.4158412 | AS21: =AR21+IF(AR21*SQRT($N21^2+($M21+AR21)^2)<$O21^2,1,-1)*$O21/2^22 -> 2.4158386 | AT21: =AS21+IF(AS21*SQRT($N21^2+($M21+AS21)^2)<$O21^2,1,-1)*$O21/2^23 -> 2.4158399 | AU21: =AT21+IF(AT21*SQRT($N21^2+($M21+AT21)^2)<$O21^2,1,-1)*$O21/2^24 -> 2.4158393
B22: Speed sweep 11 | C22: =IF(AND(Inputs!E33="OK",Inputs!E34="OK"),Inputs!C33*Inputs!C34*10/20,NA()) -> 180 | D22: =0 -> 0 | E22: =1 -> 1 | F22: 1 | G22: =C22/3.6 -> 50 | H22: =IF(Inputs!E27="OK",0.5*Inputs!C27*Inputs!C58*G22^2,NA()) -> 9.8 | I22: =IF(F22=0,0,H22+Inputs!C55*D22) -> 9.8 | J22: =IF(F22=0,0,IF(AND(ISNUMBER(E22),E22>=1,E22<=10),Inputs!C56*E22,NA())) -> 11.437006 | K22: =SQRT(I22^2+J22^2) -> 15.061378 | L22: =IF(F22=0,0,DEGREES(ATAN(I22/J22))) -> 40.592203 | M22: =IF(F22=0,0,G22*I22/K22) -> 32.533545 | N22: =IF(F22=0,0,G22*J22/K22) -> 37.967993 | O22: =IF(F22=0,0,IF(Inputs!E27="OK",SQRT(K22/(2*Inputs!C27*Inputs!C57)),NA())) -> 11.014649 | P22: =AU22 -> 2.3529454 | Q22: =K22*P22 -> 35.438599 | R22: =I22*G22 -> 490 | S22: =IF(F22=0,0,IF(Inputs!E30="OK",SUM(Q22:R22)/Inputs!C30,NA())) -> 808.36708 | T22: =IF(AND(Inputs!E31="OK",Inputs!E32="OK"),S22/Inputs!C31+Inputs!C32,NA()) -> 916.18564 | U22: =T22/Inputs!C62 -> 43.627888 | V22: =IF(Inputs!E25="OK",(T22-Inputs!C32)/Inputs!C25,NA()) -> 224.54641 | W22: =IF(F22=0,0,(P22*SQRT(N22^2+(M22+P22)^2)-O22^2)/O22^2) -> -8.9054296e-08 | X22: =$O22/2 -> 5.5073243 | Y22: =X22+IF(X22*SQRT($N22^2+($M22+X22)^2)<$O22^2,1,-1)*$O22/2^2 -> 2.7536622 | Z22: =Y22+IF(Y22*SQRT($N22^2+($M22+Y22)^2)<$O22^2,1,-1)*$O22/2^3 -> 1.3768311 | AA22: =Z22+IF(Z22*SQRT($N22^2+($M22+Z22)^2)<$O22^2,1,-1)*$O22/2^4 -> 2.0652466 | AB22: =AA22+IF(AA22*SQRT($N22^2+($M22+AA22)^2)<$O22^2,1,-1)*$O22/2^5 -> 2.4094544 | AC22: =AB22+IF(AB22*SQRT($N22^2+($M22+AB22)^2)<$O22^2,1,-1)*$O22/2^6 -> 2.2373505 | AD22: =AC22+IF(AC22*SQRT($N22^2+($M22+AC22)^2)<$O22^2,1,-1)*$O22/2^7 -> 2.3234025 | AE22: =AD22+IF(AD22*SQRT($N22^2+($M22+AD22)^2)<$O22^2,1,-1)*$O22/2^8 -> 2.3664284 | AF22: =AE22+IF(AE22*SQRT($N22^2+($M22+AE22)^2)<$O22^2,1,-1)*$O22/2^9 -> 2.3449154 | AG22: =AF22+IF(AF22*SQRT($N22^2+($M22+AF22)^2)<$O22^2,1,-1)*$O22/2^10 -> 2.3556719 | AH22: =AG22+IF(AG22*SQRT($N22^2+($M22+AG22)^2)<$O22^2,1,-1)*$O22/2^11 -> 2.3502937 | AI22: =AH22+IF(AH22*SQRT($N22^2+($M22+AH22)^2)<$O22^2,1,-1)*$O22/2^12 -> 2.3529828 | AJ22: =AI22+IF(AI22*SQRT($N22^2+($M22+AI22)^2)<$O22^2,1,-1)*$O22/2^13 -> 2.3516382 | AK22: =AJ22+IF(AJ22*SQRT($N22^2+($M22+AJ22)^2)<$O22^2,1,-1)*$O22/2^14 -> 2.3523105 | AL22: =AK22+IF(AK22*SQRT($N22^2+($M22+AK22)^2)<$O22^2,1,-1)*$O22/2^15 -> 2.3526467 | AM22: =AL22+IF(AL22*SQRT($N22^2+($M22+AL22)^2)<$O22^2,1,-1)*$O22/2^16 -> 2.3528147 | AN22: =AM22+IF(AM22*SQRT($N22^2+($M22+AM22)^2)<$O22^2,1,-1)*$O22/2^17 -> 2.3528988 | AO22: =AN22+IF(AN22*SQRT($N22^2+($M22+AN22)^2)<$O22^2,1,-1)*$O22/2^18 -> 2.3529408 | AP22: =AO22+IF(AO22*SQRT($N22^2+($M22+AO22)^2)<$O22^2,1,-1)*$O22/2^19 -> 2.3529618 | AQ22: =AP22+IF(AP22*SQRT($N22^2+($M22+AP22)^2)<$O22^2,1,-1)*$O22/2^20 -> 2.3529513 | AR22: =AQ22+IF(AQ22*SQRT($N22^2+($M22+AQ22)^2)<$O22^2,1,-1)*$O22/2^21 -> 2.352946 | AS22: =AR22+IF(AR22*SQRT($N22^2+($M22+AR22)^2)<$O22^2,1,-1)*$O22/2^22 -> 2.3529434 | AT22: =AS22+IF(AS22*SQRT($N22^2+($M22+AS22)^2)<$O22^2,1,-1)*$O22/2^23 -> 2.3529447 | AU22: =AT22+IF(AT22*SQRT($N22^2+($M22+AT22)^2)<$O22^2,1,-1)*$O22/2^24 -> 2.3529454
B23: Speed sweep 12 | C23: =IF(AND(Inputs!E33="OK",Inputs!E34="OK"),Inputs!C33*Inputs!C34*11/20,NA()) -> 198 | D23: =0 -> 0 | E23: =1 -> 1 | F23: 1 | G23: =C23/3.6 -> 55 | H23: =IF(Inputs!E27="OK",0.5*Inputs!C27*Inputs!C58*G23^2,NA()) -> 11.858 | I23: =IF(F23=0,0,H23+Inputs!C55*D23) -> 11.858 | J23: =IF(F23=0,0,IF(AND(ISNUMBER(E23),E23>=1,E23<=10),Inputs!C56*E23,NA())) -> 11.437006 | K23: =SQRT(I23^2+J23^2) -> 16.474746 | L23: =IF(F23=0,0,DEGREES(ATAN(I23/J23))) -> 46.035354 | M23: =IF(F23=0,0,G23*I23/K23) -> 39.587256 | N23: =IF(F23=0,0,G23*J23/K23) -> 38.181791 | O23: =IF(F23=0,0,IF(Inputs!E27="OK",SQRT(K23/(2*Inputs!C27*Inputs!C57)),NA())) -> 11.519872 | P23: =AU23 -> 2.3402027 | Q23: =K23*P23 -> 38.554246 | R23: =I23*G23 -> 652.19 | S23: =IF(F23=0,0,IF(Inputs!E30="OK",SUM(Q23:R23)/Inputs!C30,NA())) -> 1062.6835 | T23: =IF(AND(Inputs!E31="OK",Inputs!E32="OK"),S23/Inputs!C31+Inputs!C32,NA()) -> 1198.7594 | U23: =T23/Inputs!C62 -> 57.083781 | V23: =IF(Inputs!E25="OK",(T23-Inputs!C32)/Inputs!C25,NA()) -> 295.18985 | W23: =IF(F23=0,0,(P23*SQRT(N23^2+(M23+P23)^2)-O23^2)/O23^2) -> 6.0769924e-08 | X23: =$O23/2 -> 5.7599362 | Y23: =X23+IF(X23*SQRT($N23^2+($M23+X23)^2)<$O23^2,1,-1)*$O23/2^2 -> 2.8799681 | Z23: =Y23+IF(Y23*SQRT($N23^2+($M23+Y23)^2)<$O23^2,1,-1)*$O23/2^3 -> 1.439984 | AA23: =Z23+IF(Z23*SQRT($N23^2+($M23+Z23)^2)<$O23^2,1,-1)*$O23/2^4 -> 2.1599761 | AB23: =AA23+IF(AA23*SQRT($N23^2+($M23+AA23)^2)<$O23^2,1,-1)*$O23/2^5 -> 2.5199721 | AC23: =AB23+IF(AB23*SQRT($N23^2+($M23+AB23)^2)<$O23^2,1,-1)*$O23/2^6 -> 2.3399741 | AD23: =AC23+IF(AC23*SQRT($N23^2+($M23+AC23)^2)<$O23^2,1,-1)*$O23/2^7 -> 2.4299731 | AE23: =AD23+IF(AD23*SQRT($N23^2+($M23+AD23)^2)<$O23^2,1,-1)*$O23/2^8 -> 2.3849736 | AF23: =AE23+IF(AE23*SQRT($N23^2+($M23+AE23)^2)<$O23^2,1,-1)*$O23/2^9 -> 2.3624738 | AG23: =AF23+IF(AF23*SQRT($N23^2+($M23+AF23)^2)<$O23^2,1,-1)*$O23/2^10 -> 2.3512239 | AH23: =AG23+IF(AG23*SQRT($N23^2+($M23+AG23)^2)<$O23^2,1,-1)*$O23/2^11 -> 2.345599 | AI23: =AH23+IF(AH23*SQRT($N23^2+($M23+AH23)^2)<$O23^2,1,-1)*$O23/2^12 -> 2.3427865 | AJ23: =AI23+IF(AI23*SQRT($N23^2+($M23+AI23)^2)<$O23^2,1,-1)*$O23/2^13 -> 2.3413803 | AK23: =AJ23+IF(AJ23*SQRT($N23^2+($M23+AJ23)^2)<$O23^2,1,-1)*$O23/2^14 -> 2.3406772 | AL23: =AK23+IF(AK23*SQRT($N23^2+($M23+AK23)^2)<$O23^2,1,-1)*$O23/2^15 -> 2.3403256 | AM23: =AL23+IF(AL23*SQRT($N23^2+($M23+AL23)^2)<$O23^2,1,-1)*$O23/2^16 -> 2.3401498 | AN23: =AM23+IF(AM23*SQRT($N23^2+($M23+AM23)^2)<$O23^2,1,-1)*$O23/2^17 -> 2.3402377 | AO23: =AN23+IF(AN23*SQRT($N23^2+($M23+AN23)^2)<$O23^2,1,-1)*$O23/2^18 -> 2.3401938 | AP23: =AO23+IF(AO23*SQRT($N23^2+($M23+AO23)^2)<$O23^2,1,-1)*$O23/2^19 -> 2.3402158 | AQ23: =AP23+IF(AP23*SQRT($N23^2+($M23+AP23)^2)<$O23^2,1,-1)*$O23/2^20 -> 2.3402048 | AR23: =AQ23+IF(AQ23*SQRT($N23^2+($M23+AQ23)^2)<$O23^2,1,-1)*$O23/2^21 -> 2.3401993 | AS23: =AR23+IF(AR23*SQRT($N23^2+($M23+AR23)^2)<$O23^2,1,-1)*$O23/2^22 -> 2.340202 | AT23: =AS23+IF(AS23*SQRT($N23^2+($M23+AS23)^2)<$O23^2,1,-1)*$O23/2^23 -> 2.3402034 | AU23: =AT23+IF(AT23*SQRT($N23^2+($M23+AT23)^2)<$O23^2,1,-1)*$O23/2^24 -> 2.3402027
B24: Speed sweep 13 | C24: =IF(AND(Inputs!E33="OK",Inputs!E34="OK"),Inputs!C33*Inputs!C34*12/20,NA()) -> 216 | D24: =0 -> 0 | E24: =1 -> 1 | F24: 1 | G24: =C24/3.6 -> 60 | H24: =IF(Inputs!E27="OK",0.5*Inputs!C27*Inputs!C58*G24^2,NA()) -> 14.112 | I24: =IF(F24=0,0,H24+Inputs!C55*D24) -> 14.112 | J24: =IF(F24=0,0,IF(AND(ISNUMBER(E24),E24>=1,E24<=10),Inputs!C56*E24,NA())) -> 11.437006 | K24: =SQRT(I24^2+J24^2) -> 18.164626 | L24: =IF(F24=0,0,DEGREES(ATAN(I24/J24))) -> 50.977121 | M24: =IF(F24=0,0,G24*I24/K24) -> 46.613676 | N24: =IF(F24=0,0,G24*J24/K24) -> 37.77784 | O24: =IF(F24=0,0,IF(Inputs!E27="OK",SQRT(K24/(2*Inputs!C27*Inputs!C57)),NA())) -> 12.096272 | P24: =AU24 -> 2.3655026 | Q24: =K24*P24 -> 42.968471 | R24: =I24*G24 -> 846.72 | S24: =IF(F24=0,0,IF(Inputs!E30="OK",SUM(Q24:R24)/Inputs!C30,NA())) -> 1368.7515 | T24: =IF(AND(Inputs!E31="OK",Inputs!E32="OK"),S24/Inputs!C31+Inputs!C32,NA()) -> 1538.835 | U24: =T24/Inputs!C62 -> 73.277857 | V24: =IF(Inputs!E25="OK",(T24-Inputs!C32)/Inputs!C25,NA()) -> 380.20875 | W24: =IF(F24=0,0,(P24*SQRT(N24^2+(M24+P24)^2)-O24^2)/O24^2) -> -9.0879366e-08 | X24: =$O24/2 -> 6.0481358 | Y24: =X24+IF(X24*SQRT($N24^2+($M24+X24)^2)<$O24^2,1,-1)*$O24/2^2 -> 3.0240679 | Z24: =Y24+IF(Y24*SQRT($N24^2+($M24+Y24)^2)<$O24^2,1,-1)*$O24/2^3 -> 1.512034 | AA24: =Z24+IF(Z24*SQRT($N24^2+($M24+Z24)^2)<$O24^2,1,-1)*$O24/2^4 -> 2.2680509 | AB24: =AA24+IF(AA24*SQRT($N24^2+($M24+AA24)^2)<$O24^2,1,-1)*$O24/2^5 -> 2.6460594 | AC24: =AB24+IF(AB24*SQRT($N24^2+($M24+AB24)^2)<$O24^2,1,-1)*$O24/2^6 -> 2.4570552 | AD24: =AC24+IF(AC24*SQRT($N24^2+($M24+AC24)^2)<$O24^2,1,-1)*$O24/2^7 -> 2.3625531 | AE24: =AD24+IF(AD24*SQRT($N24^2+($M24+AD24)^2)<$O24^2,1,-1)*$O24/2^8 -> 2.4098041 | AF24: =AE24+IF(AE24*SQRT($N24^2+($M24+AE24)^2)<$O24^2,1,-1)*$O24/2^9 -> 2.3861786 | AG24: =AF24+IF(AF24*SQRT($N24^2+($M24+AF24)^2)<$O24^2,1,-1)*$O24/2^10 -> 2.3743658 | AH24: =AG24+IF(AG24*SQRT($N24^2+($M24+AG24)^2)<$O24^2,1,-1)*$O24/2^11 -> 2.3684594 | AI24: =AH24+IF(AH24*SQRT($N24^2+($M24+AH24)^2)<$O24^2,1,-1)*$O24/2^12 -> 2.3655062 | AJ24: =AI24+IF(AI24*SQRT($N24^2+($M24+AI24)^2)<$O24^2,1,-1)*$O24/2^13 -> 2.3640297 | AK24: =AJ24+IF(AJ24*SQRT($N24^2+($M24+AJ24)^2)<$O24^2,1,-1)*$O24/2^14 -> 2.364768 | AL24: =AK24+IF(AK24*SQRT($N24^2+($M24+AK24)^2)<$O24^2,1,-1)*$O24/2^15 -> 2.3651371 | AM24: =AL24+IF(AL24*SQRT($N24^2+($M24+AL24)^2)<$O24^2,1,-1)*$O24/2^16 -> 2.3653217 | AN24: =AM24+IF(AM24*SQRT($N24^2+($M24+AM24)^2)<$O24^2,1,-1)*$O24/2^17 -> 2.365414 | AO24: =AN24+IF(AN24*SQRT($N24^2+($M24+AN24)^2)<$O24^2,1,-1)*$O24/2^18 -> 2.3654601 | AP24: =AO24+IF(AO24*SQRT($N24^2+($M24+AO24)^2)<$O24^2,1,-1)*$O24/2^19 -> 2.3654832 | AQ24: =AP24+IF(AP24*SQRT($N24^2+($M24+AP24)^2)<$O24^2,1,-1)*$O24/2^20 -> 2.3654947 | AR24: =AQ24+IF(AQ24*SQRT($N24^2+($M24+AQ24)^2)<$O24^2,1,-1)*$O24/2^21 -> 2.3655005 | AS24: =AR24+IF(AR24*SQRT($N24^2+($M24+AR24)^2)<$O24^2,1,-1)*$O24/2^22 -> 2.3655034 | AT24: =AS24+IF(AS24*SQRT($N24^2+($M24+AS24)^2)<$O24^2,1,-1)*$O24/2^23 -> 2.3655019 | AU24: =AT24+IF(AT24*SQRT($N24^2+($M24+AT24)^2)<$O24^2,1,-1)*$O24/2^24 -> 2.3655026
B25: Speed sweep 14 | C25: =IF(AND(Inputs!E33="OK",Inputs!E34="OK"),Inputs!C33*Inputs!C34*13/20,NA()) -> 234 | D25: =0 -> 0 | E25: =1 -> 1 | F25: 1 | G25: =C25/3.6 -> 65 | H25: =IF(Inputs!E27="OK",0.5*Inputs!C27*Inputs!C58*G25^2,NA()) -> 16.562 | I25: =IF(F25=0,0,H25+Inputs!C55*D25) -> 16.562 | J25: =IF(F25=0,0,IF(AND(ISNUMBER(E25),E25>=1,E25<=10),Inputs!C56*E25,NA())) -> 11.437006 | K25: =SQRT(I25^2+J25^2) -> 20.127219 | L25: =IF(F25=0,0,DEGREES(ATAN(I25/J25))) -> 55.372709 | M25: =IF(F25=0,0,G25*I25/K25) -> 53.486277 | N25: =IF(F25=0,0,G25*J25/K25) -> 36.935325 | O25: =IF(F25=0,0,IF(Inputs!E27="OK",SQRT(K25/(2*Inputs!C27*Inputs!C57)),NA())) -> 12.732984 | P25: =AU25 -> 2.4196479 | Q25: =K25*P25 -> 48.700782 | R25: =I25*G25 -> 1076.53 | S25: =IF(F25=0,0,IF(Inputs!E30="OK",SUM(Q25:R25)/Inputs!C30,NA())) -> 1731.1243 | T25: =IF(AND(Inputs!E31="OK",Inputs!E32="OK"),S25/Inputs!C31+Inputs!C32,NA()) -> 1941.4714 | U25: =T25/Inputs!C62 -> 92.45102 | V25: =IF(Inputs!E25="OK",(T25-Inputs!C32)/Inputs!C25,NA()) -> 480.86786 | W25: =IF(F25=0,0,(P25*SQRT(N25^2+(M25+P25)^2)-O25^2)/O25^2) -> 1.204642e-08 | X25: =$O25/2 -> 6.3664919 | Y25: =X25+IF(X25*SQRT($N25^2+($M25+X25)^2)<$O25^2,1,-1)*$O25/2^2 -> 3.1832459 | Z25: =Y25+IF(Y25*SQRT($N25^2+($M25+Y25)^2)<$O25^2,1,-1)*$O25/2^3 -> 1.591623 | AA25: =Z25+IF(Z25*SQRT($N25^2+($M25+Z25)^2)<$O25^2,1,-1)*$O25/2^4 -> 2.3874345 | AB25: =AA25+IF(AA25*SQRT($N25^2+($M25+AA25)^2)<$O25^2,1,-1)*$O25/2^5 -> 2.7853402 | AC25: =AB25+IF(AB25*SQRT($N25^2+($M25+AB25)^2)<$O25^2,1,-1)*$O25/2^6 -> 2.5863873 | AD25: =AC25+IF(AC25*SQRT($N25^2+($M25+AC25)^2)<$O25^2,1,-1)*$O25/2^7 -> 2.4869109 | AE25: =AD25+IF(AD25*SQRT($N25^2+($M25+AD25)^2)<$O25^2,1,-1)*$O25/2^8 -> 2.4371727 | AF25: =AE25+IF(AE25*SQRT($N25^2+($M25+AE25)^2)<$O25^2,1,-1)*$O25/2^9 -> 2.4123036 | AG25: =AF25+IF(AF25*SQRT($N25^2+($M25+AF25)^2)<$O25^2,1,-1)*$O25/2^10 -> 2.4247381 | AH25: =AG25+IF(AG25*SQRT($N25^2+($M25+AG25)^2)<$O25^2,1,-1)*$O25/2^11 -> 2.4185208 | AI25: =AH25+IF(AH25*SQRT($N25^2+($M25+AH25)^2)<$O25^2,1,-1)*$O25/2^12 -> 2.4216295 | AJ25: =AI25+IF(AI25*SQRT($N25^2+($M25+AI25)^2)<$O25^2,1,-1)*$O25/2^13 -> 2.4200752 | AK25: =AJ25+IF(AJ25*SQRT($N25^2+($M25+AJ25)^2)<$O25^2,1,-1)*$O25/2^14 -> 2.419298 | AL25: =AK25+IF(AK25*SQRT($N25^2+($M25+AK25)^2)<$O25^2,1,-1)*$O25/2^15 -> 2.4196866 | AM25: =AL25+IF(AL25*SQRT($N25^2+($M25+AL25)^2)<$O25^2,1,-1)*$O25/2^16 -> 2.4194923 | AN25: =AM25+IF(AM25*SQRT($N25^2+($M25+AM25)^2)<$O25^2,1,-1)*$O25/2^17 -> 2.4195894 | AO25: =AN25+IF(AN25*SQRT($N25^2+($M25+AN25)^2)<$O25^2,1,-1)*$O25/2^18 -> 2.419638 | AP25: =AO25+IF(AO25*SQRT($N25^2+($M25+AO25)^2)<$O25^2,1,-1)*$O25/2^19 -> 2.4196623 | AQ25: =AP25+IF(AP25*SQRT($N25^2+($M25+AP25)^2)<$O25^2,1,-1)*$O25/2^20 -> 2.4196502 | AR25: =AQ25+IF(AQ25*SQRT($N25^2+($M25+AQ25)^2)<$O25^2,1,-1)*$O25/2^21 -> 2.4196441 | AS25: =AR25+IF(AR25*SQRT($N25^2+($M25+AR25)^2)<$O25^2,1,-1)*$O25/2^22 -> 2.4196471 | AT25: =AS25+IF(AS25*SQRT($N25^2+($M25+AS25)^2)<$O25^2,1,-1)*$O25/2^23 -> 2.4196486 | AU25: =AT25+IF(AT25*SQRT($N25^2+($M25+AT25)^2)<$O25^2,1,-1)*$O25/2^24 -> 2.4196479
B26: Speed sweep 15 | C26: =IF(AND(Inputs!E33="OK",Inputs!E34="OK"),Inputs!C33*Inputs!C34*14/20,NA()) -> 252 | D26: =0 -> 0 | E26: =1 -> 1 | F26: 1 | G26: =C26/3.6 -> 70 | H26: =IF(Inputs!E27="OK",0.5*Inputs!C27*Inputs!C58*G26^2,NA()) -> 19.208 | I26: =IF(F26=0,0,H26+Inputs!C55*D26) -> 19.208 | J26: =IF(F26=0,0,IF(AND(ISNUMBER(E26),E26>=1,E26<=10),Inputs!C56*E26,NA())) -> 11.437006 | K26: =SQRT(I26^2+J26^2) -> 22.355142 | L26: =IF(F26=0,0,DEGREES(ATAN(I26/J26))) -> 59.229193 | M26: =IF(F26=0,0,G26*I26/K26) -> 60.145447 | N26: =IF(F26=0,0,G26*J26/K26) -> 35.81236 | O26: =IF(F26=0,0,IF(Inputs!E27="OK",SQRT(K26/(2*Inputs!C27*Inputs!C57)),NA())) -> 13.419212 | P26: =AU26 -> 2.495651 | Q26: =K26*P26 -> 55.790631 | R26: =I26*G26 -> 1344.56 | S26: =IF(F26=0,0,IF(Inputs!E30="OK",SUM(Q26:R26)/Inputs!C30,NA())) -> 2154.3856 | T26: =IF(AND(Inputs!E31="OK",Inputs!E32="OK"),S26/Inputs!C31+Inputs!C32,NA()) -> 2411.7618 | U26: =T26/Inputs!C62 -> 114.8458 | V26: =IF(Inputs!E25="OK",(T26-Inputs!C32)/Inputs!C25,NA()) -> 598.44044 | W26: =IF(F26=0,0,(P26*SQRT(N26^2+(M26+P26)^2)-O26^2)/O26^2) -> -1.585604e-07 | X26: =$O26/2 -> 6.709606 | Y26: =X26+IF(X26*SQRT($N26^2+($M26+X26)^2)<$O26^2,1,-1)*$O26/2^2 -> 3.354803 | Z26: =Y26+IF(Y26*SQRT($N26^2+($M26+Y26)^2)<$O26^2,1,-1)*$O26/2^3 -> 1.6774015 | AA26: =Z26+IF(Z26*SQRT($N26^2+($M26+Z26)^2)<$O26^2,1,-1)*$O26/2^4 -> 2.5161022 | AB26: =AA26+IF(AA26*SQRT($N26^2+($M26+AA26)^2)<$O26^2,1,-1)*$O26/2^5 -> 2.0967519 | AC26: =AB26+IF(AB26*SQRT($N26^2+($M26+AB26)^2)<$O26^2,1,-1)*$O26/2^6 -> 2.3064271 | AD26: =AC26+IF(AC26*SQRT($N26^2+($M26+AC26)^2)<$O26^2,1,-1)*$O26/2^7 -> 2.4112647 | AE26: =AD26+IF(AD26*SQRT($N26^2+($M26+AD26)^2)<$O26^2,1,-1)*$O26/2^8 -> 2.4636835 | AF26: =AE26+IF(AE26*SQRT($N26^2+($M26+AE26)^2)<$O26^2,1,-1)*$O26/2^9 -> 2.4898929 | AG26: =AF26+IF(AF26*SQRT($N26^2+($M26+AF26)^2)<$O26^2,1,-1)*$O26/2^10 -> 2.5029976 | AH26: =AG26+IF(AG26*SQRT($N26^2+($M26+AG26)^2)<$O26^2,1,-1)*$O26/2^11 -> 2.4964452 | AI26: =AH26+IF(AH26*SQRT($N26^2+($M26+AH26)^2)<$O26^2,1,-1)*$O26/2^12 -> 2.493169 | AJ26: =AI26+IF(AI26*SQRT($N26^2+($M26+AI26)^2)<$O26^2,1,-1)*$O26/2^13 -> 2.4948071 | AK26: =AJ26+IF(AJ26*SQRT($N26^2+($M26+AJ26)^2)<$O26^2,1,-1)*$O26/2^14 -> 2.4956262 | AL26: =AK26+IF(AK26*SQRT($N26^2+($M26+AK26)^2)<$O26^2,1,-1)*$O26/2^15 -> 2.4960357 | AM26: =AL26+IF(AL26*SQRT($N26^2+($M26+AL26)^2)<$O26^2,1,-1)*$O26/2^16 -> 2.4958309 | AN26: =AM26+IF(AM26*SQRT($N26^2+($M26+AM26)^2)<$O26^2,1,-1)*$O26/2^17 -> 2.4957285 | AO26: =AN26+IF(AN26*SQRT($N26^2+($M26+AN26)^2)<$O26^2,1,-1)*$O26/2^18 -> 2.4956773 | AP26: =AO26+IF(AO26*SQRT($N26^2+($M26+AO26)^2)<$O26^2,1,-1)*$O26/2^19 -> 2.4956518 | AQ26: =AP26+IF(AP26*SQRT($N26^2+($M26+AP26)^2)<$O26^2,1,-1)*$O26/2^20 -> 2.495639 | AR26: =AQ26+IF(AQ26*SQRT($N26^2+($M26+AQ26)^2)<$O26^2,1,-1)*$O26/2^21 -> 2.4956454 | AS26: =AR26+IF(AR26*SQRT($N26^2+($M26+AR26)^2)<$O26^2,1,-1)*$O26/2^22 -> 2.4956486 | AT26: =AS26+IF(AS26*SQRT($N26^2+($M26+AS26)^2)<$O26^2,1,-1)*$O26/2^23 -> 2.4956502 | AU26: =AT26+IF(AT26*SQRT($N26^2+($M26+AT26)^2)<$O26^2,1,-1)*$O26/2^24 -> 2.495651
B27: Speed sweep 16 | C27: =IF(AND(Inputs!E33="OK",Inputs!E34="OK"),Inputs!C33*Inputs!C34*15/20,NA()) -> 270 | D27: =0 -> 0 | E27: =1 -> 1 | F27: 1 | G27: =C27/3.6 -> 75 | H27: =IF(Inputs!E27="OK",0.5*Inputs!C27*Inputs!C58*G27^2,NA()) -> 22.05 | I27: =IF(F27=0,0,H27+Inputs!C55*D27) -> 22.05 | J27: =IF(F27=0,0,IF(AND(ISNUMBER(E27),E27>=1,E27<=10),Inputs!C56*E27,NA())) -> 11.437006 | K27: =SQRT(I27^2+J27^2) -> 24.839638 | L27: =IF(F27=0,0,DEGREES(ATAN(I27/J27))) -> 62.584905 | M27: =IF(F27=0,0,G27*I27/K27) -> 66.577058 | N27: =IF(F27=0,0,G27*J27/K27) -> 34.532525 | O27: =IF(F27=0,0,IF(Inputs!E27="OK",SQRT(K27/(2*Inputs!C27*Inputs!C57)),NA())) -> 14.14526 | P27: =AU27 -> 2.5882389 | Q27: =K27*P27 -> 64.290917 | R27: =I27*G27 -> 1653.75 | S27: =IF(F27=0,0,IF(Inputs!E30="OK",SUM(Q27:R27)/Inputs!C30,NA())) -> 2643.1399 | T27: =IF(AND(Inputs!E31="OK",Inputs!E32="OK"),S27/Inputs!C31+Inputs!C32,NA()) -> 2954.8221 | U27: =T27/Inputs!C62 -> 140.70581 | V27: =IF(Inputs!E25="OK",(T27-Inputs!C32)/Inputs!C25,NA()) -> 734.20552 | W27: =IF(F27=0,0,(P27*SQRT(N27^2+(M27+P27)^2)-O27^2)/O27^2) -> -1.6288051e-07 | X27: =$O27/2 -> 7.0726299 | Y27: =X27+IF(X27*SQRT($N27^2+($M27+X27)^2)<$O27^2,1,-1)*$O27/2^2 -> 3.5363149 | Z27: =Y27+IF(Y27*SQRT($N27^2+($M27+Y27)^2)<$O27^2,1,-1)*$O27/2^3 -> 1.7681575 | AA27: =Z27+IF(Z27*SQRT($N27^2+($M27+Z27)^2)<$O27^2,1,-1)*$O27/2^4 -> 2.6522362 | AB27: =AA27+IF(AA27*SQRT($N27^2+($M27+AA27)^2)<$O27^2,1,-1)*$O27/2^5 -> 2.2101968 | AC27: =AB27+IF(AB27*SQRT($N27^2+($M27+AB27)^2)<$O27^2,1,-1)*$O27/2^6 -> 2.4312165 | AD27: =AC27+IF(AC27*SQRT($N27^2+($M27+AC27)^2)<$O27^2,1,-1)*$O27/2^7 -> 2.5417264 | AE27: =AD27+IF(AD27*SQRT($N27^2+($M27+AD27)^2)<$O27^2,1,-1)*$O27/2^8 -> 2.5969813 | AF27: =AE27+IF(AE27*SQRT($N27^2+($M27+AE27)^2)<$O27^2,1,-1)*$O27/2^9 -> 2.5693538 | AG27: =AF27+IF(AF27*SQRT($N27^2+($M27+AF27)^2)<$O27^2,1,-1)*$O27/2^10 -> 2.5831676 | AH27: =AG27+IF(AG27*SQRT($N27^2+($M27+AG27)^2)<$O27^2,1,-1)*$O27/2^11 -> 2.5900744 | AI27: =AH27+IF(AH27*SQRT($N27^2+($M27+AH27)^2)<$O27^2,1,-1)*$O27/2^12 -> 2.586621 | AJ27: =AI27+IF(AI27*SQRT($N27^2+($M27+AI27)^2)<$O27^2,1,-1)*$O27/2^13 -> 2.5883477 | AK27: =AJ27+IF(AJ27*SQRT($N27^2+($M27+AJ27)^2)<$O27^2,1,-1)*$O27/2^14 -> 2.5874844 | AL27: =AK27+IF(AK27*SQRT($N27^2+($M27+AK27)^2)<$O27^2,1,-1)*$O27/2^15 -> 2.587916 | AM27: =AL27+IF(AL27*SQRT($N27^2+($M27+AL27)^2)<$O27^2,1,-1)*$O27/2^16 -> 2.5881319 | AN27: =AM27+IF(AM27*SQRT($N27^2+($M27+AM27)^2)<$O27^2,1,-1)*$O27/2^17 -> 2.5882398 | AO27: =AN27+IF(AN27*SQRT($N27^2+($M27+AN27)^2)<$O27^2,1,-1)*$O27/2^18 -> 2.5881858 | AP27: =AO27+IF(AO27*SQRT($N27^2+($M27+AO27)^2)<$O27^2,1,-1)*$O27/2^19 -> 2.5882128 | AQ27: =AP27+IF(AP27*SQRT($N27^2+($M27+AP27)^2)<$O27^2,1,-1)*$O27/2^20 -> 2.5882263 | AR27: =AQ27+IF(AQ27*SQRT($N27^2+($M27+AQ27)^2)<$O27^2,1,-1)*$O27/2^21 -> 2.588233 | AS27: =AR27+IF(AR27*SQRT($N27^2+($M27+AR27)^2)<$O27^2,1,-1)*$O27/2^22 -> 2.5882364 | AT27: =AS27+IF(AS27*SQRT($N27^2+($M27+AS27)^2)<$O27^2,1,-1)*$O27/2^23 -> 2.5882381 | AU27: =AT27+IF(AT27*SQRT($N27^2+($M27+AT27)^2)<$O27^2,1,-1)*$O27/2^24 -> 2.5882389
B28: Speed sweep 17 | C28: =IF(AND(Inputs!E33="OK",Inputs!E34="OK"),Inputs!C33*Inputs!C34*16/20,NA()) -> 288 | D28: =0 -> 0 | E28: =1 -> 1 | F28: 1 | G28: =C28/3.6 -> 80 | H28: =IF(Inputs!E27="OK",0.5*Inputs!C27*Inputs!C58*G28^2,NA()) -> 25.088 | I28: =IF(F28=0,0,H28+Inputs!C55*D28) -> 25.088 | J28: =IF(F28=0,0,IF(AND(ISNUMBER(E28),E28>=1,E28<=10),Inputs!C56*E28,NA())) -> 11.437006 | K28: =SQRT(I28^2+J28^2) -> 27.571957 | L28: =IF(F28=0,0,DEGREES(ATAN(I28/J28))) -> 65.492918 | M28: =IF(F28=0,0,G28*I28/K28) -> 72.7928 | N28: =IF(F28=0,0,G28*J28/K28) -> 33.184457 | O28: =IF(F28=0,0,IF(Inputs!E27="OK",SQRT(K28/(2*Inputs!C27*Inputs!C57)),NA())) -> 14.902945 | P28: =AU28 -> 2.6934526 | Q28: =K28*P28 -> 74.26376 | R28: =I28*G28 -> 2007.04 | S28: =IF(F28=0,0,IF(Inputs!E30="OK",SUM(Q28:R28)/Inputs!C30,NA())) -> 3202.0058 | T28: =IF(AND(Inputs!E31="OK",Inputs!E32="OK"),S28/Inputs!C31+Inputs!C32,NA()) -> 3575.7842 | U28: =T28/Inputs!C62 -> 170.27544 | V28: =IF(Inputs!E25="OK",(T28-Inputs!C32)/Inputs!C25,NA()) -> 889.44605 | W28: =IF(F28=0,0,(P28*SQRT(N28^2+(M28+P28)^2)-O28^2)/O28^2) -> -2.98584e-07 | X28: =$O28/2 -> 7.4514725 | Y28: =X28+IF(X28*SQRT($N28^2+($M28+X28)^2)<$O28^2,1,-1)*$O28/2^2 -> 3.7257363 | Z28: =Y28+IF(Y28*SQRT($N28^2+($M28+Y28)^2)<$O28^2,1,-1)*$O28/2^3 -> 1.8628681 | AA28: =Z28+IF(Z28*SQRT($N28^2+($M28+Z28)^2)<$O28^2,1,-1)*$O28/2^4 -> 2.7943022 | AB28: =AA28+IF(AA28*SQRT($N28^2+($M28+AA28)^2)<$O28^2,1,-1)*$O28/2^5 -> 2.3285852 | AC28: =AB28+IF(AB28*SQRT($N28^2+($M28+AB28)^2)<$O28^2,1,-1)*$O28/2^6 -> 2.5614437 | AD28: =AC28+IF(AC28*SQRT($N28^2+($M28+AC28)^2)<$O28^2,1,-1)*$O28/2^7 -> 2.6778729 | AE28: =AD28+IF(AD28*SQRT($N28^2+($M28+AD28)^2)<$O28^2,1,-1)*$O28/2^8 -> 2.7360876 | AF28: =AE28+IF(AE28*SQRT($N28^2+($M28+AE28)^2)<$O28^2,1,-1)*$O28/2^9 -> 2.7069803 | AG28: =AF28+IF(AF28*SQRT($N28^2+($M28+AF28)^2)<$O28^2,1,-1)*$O28/2^10 -> 2.6924266 | AH28: =AG28+IF(AG28*SQRT($N28^2+($M28+AG28)^2)<$O28^2,1,-1)*$O28/2^11 -> 2.6997034 | AI28: =AH28+IF(AH28*SQRT($N28^2+($M28+AH28)^2)<$O28^2,1,-1)*$O28/2^12 -> 2.696065 | AJ28: =AI28+IF(AI28*SQRT($N28^2+($M28+AI28)^2)<$O28^2,1,-1)*$O28/2^13 -> 2.6942458 | AK28: =AJ28+IF(AJ28*SQRT($N28^2+($M28+AJ28)^2)<$O28^2,1,-1)*$O28/2^14 -> 2.6933362 | AL28: =AK28+IF(AK28*SQRT($N28^2+($M28+AK28)^2)<$O28^2,1,-1)*$O28/2^15 -> 2.693791 | AM28: =AL28+IF(AL28*SQRT($N28^2+($M28+AL28)^2)<$O28^2,1,-1)*$O28/2^16 -> 2.6935636 | AN28: =AM28+IF(AM28*SQRT($N28^2+($M28+AM28)^2)<$O28^2,1,-1)*$O28/2^17 -> 2.6934499 | AO28: =AN28+IF(AN28*SQRT($N28^2+($M28+AN28)^2)<$O28^2,1,-1)*$O28/2^18 -> 2.6935068 | AP28: =AO28+IF(AO28*SQRT($N28^2+($M28+AO28)^2)<$O28^2,1,-1)*$O28/2^19 -> 2.6934783 | AQ28: =AP28+IF(AP28*SQRT($N28^2+($M28+AP28)^2)<$O28^2,1,-1)*$O28/2^20 -> 2.6934641 | AR28: =AQ28+IF(AQ28*SQRT($N28^2+($M28+AQ28)^2)<$O28^2,1,-1)*$O28/2^21 -> 2.693457 | AS28: =AR28+IF(AR28*SQRT($N28^2+($M28+AR28)^2)<$O28^2,1,-1)*$O28/2^22 -> 2.6934535 | AT28: =AS28+IF(AS28*SQRT($N28^2+($M28+AS28)^2)<$O28^2,1,-1)*$O28/2^23 -> 2.6934517 | AU28: =AT28+IF(AT28*SQRT($N28^2+($M28+AT28)^2)<$O28^2,1,-1)*$O28/2^24 -> 2.6934526
B29: Speed sweep 18 | C29: =IF(AND(Inputs!E33="OK",Inputs!E34="OK"),Inputs!C33*Inputs!C34*17/20,NA()) -> 306 | D29: =0 -> 0 | E29: =1 -> 1 | F29: 1 | G29: =C29/3.6 -> 85 | H29: =IF(Inputs!E27="OK",0.5*Inputs!C27*Inputs!C58*G29^2,NA()) -> 28.322 | I29: =IF(F29=0,0,H29+Inputs!C55*D29) -> 28.322 | J29: =IF(F29=0,0,IF(AND(ISNUMBER(E29),E29>=1,E29<=10),Inputs!C56*E29,NA())) -> 11.437006 | K29: =SQRT(I29^2+J29^2) -> 30.544079 | L29: =IF(F29=0,0,DEGREES(ATAN(I29/J29))) -> 68.010131 | M29: =IF(F29=0,0,G29*I29/K29) -> 78.816257 | N29: =IF(F29=0,0,G29*J29/K29) -> 31.827624 | O29: =IF(F29=0,0,IF(Inputs!E27="OK",SQRT(K29/(2*Inputs!C27*Inputs!C57)),NA())) -> 15.685625 | P29: =AU29 -> 2.8083302 | Q29: =K29*P29 -> 85.777859 | R29: =I29*G29 -> 2407.37 | S29: =IF(F29=0,0,IF(Inputs!E30="OK",SUM(Q29:R29)/Inputs!C30,NA())) -> 3835.6121 | T29: =IF(AND(Inputs!E31="OK",Inputs!E32="OK"),S29/Inputs!C31+Inputs!C32,NA()) -> 4279.7912 | U29: =T29/Inputs!C62 -> 203.79958 | V29: =IF(Inputs!E25="OK",(T29-Inputs!C32)/Inputs!C25,NA()) -> 1065.4478 | W29: =IF(F29=0,0,(P29*SQRT(N29^2+(M29+P29)^2)-O29^2)/O29^2) -> -3.021744e-07 | X29: =$O29/2 -> 7.8428124 | Y29: =X29+IF(X29*SQRT($N29^2+($M29+X29)^2)<$O29^2,1,-1)*$O29/2^2 -> 3.9214062 | Z29: =Y29+IF(Y29*SQRT($N29^2+($M29+Y29)^2)<$O29^2,1,-1)*$O29/2^3 -> 1.9607031 | AA29: =Z29+IF(Z29*SQRT($N29^2+($M29+Z29)^2)<$O29^2,1,-1)*$O29/2^4 -> 2.9410546 | AB29: =AA29+IF(AA29*SQRT($N29^2+($M29+AA29)^2)<$O29^2,1,-1)*$O29/2^5 -> 2.4508789 | AC29: =AB29+IF(AB29*SQRT($N29^2+($M29+AB29)^2)<$O29^2,1,-1)*$O29/2^6 -> 2.6959667 | AD29: =AC29+IF(AC29*SQRT($N29^2+($M29+AC29)^2)<$O29^2,1,-1)*$O29/2^7 -> 2.8185107 | AE29: =AD29+IF(AD29*SQRT($N29^2+($M29+AD29)^2)<$O29^2,1,-1)*$O29/2^8 -> 2.7572387 | AF29: =AE29+IF(AE29*SQRT($N29^2+($M29+AE29)^2)<$O29^2,1,-1)*$O29/2^9 -> 2.7878747 | AG29: =AF29+IF(AF29*SQRT($N29^2+($M29+AF29)^2)<$O29^2,1,-1)*$O29/2^10 -> 2.8031927 | AH29: =AG29+IF(AG29*SQRT($N29^2+($M29+AG29)^2)<$O29^2,1,-1)*$O29/2^11 -> 2.8108517 | AI29: =AH29+IF(AH29*SQRT($N29^2+($M29+AH29)^2)<$O29^2,1,-1)*$O29/2^12 -> 2.8070222 | AJ29: =AI29+IF(AI29*SQRT($N29^2+($M29+AI29)^2)<$O29^2,1,-1)*$O29/2^13 -> 2.8089369 | AK29: =AJ29+IF(AJ29*SQRT($N29^2+($M29+AJ29)^2)<$O29^2,1,-1)*$O29/2^14 -> 2.8079796 | AL29: =AK29+IF(AK29*SQRT($N29^2+($M29+AK29)^2)<$O29^2,1,-1)*$O29/2^15 -> 2.8084583 | AM29: =AL29+IF(AL29*SQRT($N29^2+($M29+AL29)^2)<$O29^2,1,-1)*$O29/2^16 -> 2.8082189 | AN29: =AM29+IF(AM29*SQRT($N29^2+($M29+AM29)^2)<$O29^2,1,-1)*$O29/2^17 -> 2.8083386 | AO29: =AN29+IF(AN29*SQRT($N29^2+($M29+AN29)^2)<$O29^2,1,-1)*$O29/2^18 -> 2.8082787 | AP29: =AO29+IF(AO29*SQRT($N29^2+($M29+AO29)^2)<$O29^2,1,-1)*$O29/2^19 -> 2.8083087 | AQ29: =AP29+IF(AP29*SQRT($N29^2+($M29+AP29)^2)<$O29^2,1,-1)*$O29/2^20 -> 2.8083236 | AR29: =AQ29+IF(AQ29*SQRT($N29^2+($M29+AQ29)^2)<$O29^2,1,-1)*$O29/2^21 -> 2.8083311 | AS29: =AR29+IF(AR29*SQRT($N29^2+($M29+AR29)^2)<$O29^2,1,-1)*$O29/2^22 -> 2.8083274 | AT29: =AS29+IF(AS29*SQRT($N29^2+($M29+AS29)^2)<$O29^2,1,-1)*$O29/2^23 -> 2.8083292 | AU29: =AT29+IF(AT29*SQRT($N29^2+($M29+AT29)^2)<$O29^2,1,-1)*$O29/2^24 -> 2.8083302
B30: Speed sweep 19 | C30: =IF(AND(Inputs!E33="OK",Inputs!E34="OK"),Inputs!C33*Inputs!C34*18/20,NA()) -> 324 | D30: =0 -> 0 | E30: =1 -> 1 | F30: 1 | G30: =C30/3.6 -> 90 | H30: =IF(Inputs!E27="OK",0.5*Inputs!C27*Inputs!C58*G30^2,NA()) -> 31.752 | I30: =IF(F30=0,0,H30+Inputs!C55*D30) -> 31.752 | J30: =IF(F30=0,0,IF(AND(ISNUMBER(E30),E30>=1,E30<=10),Inputs!C56*E30,NA())) -> 11.437006 | K30: =SQRT(I30^2+J30^2) -> 33.748994 | L30: =IF(F30=0,0,DEGREES(ATAN(I30/J30))) -> 70.191083 | M30: =IF(F30=0,0,G30*I30/K30) -> 84.674524 | N30: =IF(F30=0,0,G30*J30/K30) -> 30.499591 | O30: =IF(F30=0,0,IF(Inputs!E27="OK",SQRT(K30/(2*Inputs!C27*Inputs!C57)),NA())) -> 16.488028 | P30: =AU30 -> 2.9306554 | Q30: =K30*P30 -> 98.906673 | R30: =I30*G30 -> 2857.68 | S30: =IF(F30=0,0,IF(Inputs!E30="OK",SUM(Q30:R30)/Inputs!C30,NA())) -> 4548.5949 | T30: =IF(AND(Inputs!E31="OK",Inputs!E32="OK"),S30/Inputs!C31+Inputs!C32,NA()) -> 5071.9943 | U30: =T30/Inputs!C62 -> 241.52354 | V30: =IF(Inputs!E25="OK",(T30-Inputs!C32)/Inputs!C25,NA()) -> 1263.4986 | W30: =IF(F30=0,0,(P30*SQRT(N30^2+(M30+P30)^2)-O30^2)/O30^2) -> 1.1734997e-07 | X30: =$O30/2 -> 8.244014 | Y30: =X30+IF(X30*SQRT($N30^2+($M30+X30)^2)<$O30^2,1,-1)*$O30/2^2 -> 4.122007 | Z30: =Y30+IF(Y30*SQRT($N30^2+($M30+Y30)^2)<$O30^2,1,-1)*$O30/2^3 -> 2.0610035 | AA30: =Z30+IF(Z30*SQRT($N30^2+($M30+Z30)^2)<$O30^2,1,-1)*$O30/2^4 -> 3.0915053 | AB30: =AA30+IF(AA30*SQRT($N30^2+($M30+AA30)^2)<$O30^2,1,-1)*$O30/2^5 -> 2.5762544 | AC30: =AB30+IF(AB30*SQRT($N30^2+($M30+AB30)^2)<$O30^2,1,-1)*$O30/2^6 -> 2.8338798 | AD30: =AC30+IF(AC30*SQRT($N30^2+($M30+AC30)^2)<$O30^2,1,-1)*$O30/2^7 -> 2.9626925 | AE30: =AD30+IF(AD30*SQRT($N30^2+($M30+AD30)^2)<$O30^2,1,-1)*$O30/2^8 -> 2.8982862 | AF30: =AE30+IF(AE30*SQRT($N30^2+($M30+AE30)^2)<$O30^2,1,-1)*$O30/2^9 -> 2.9304894 | AG30: =AF30+IF(AF30*SQRT($N30^2+($M30+AF30)^2)<$O30^2,1,-1)*$O30/2^10 -> 2.9465909 | AH30: =AG30+IF(AG30*SQRT($N30^2+($M30+AG30)^2)<$O30^2,1,-1)*$O30/2^11 -> 2.9385401 | AI30: =AH30+IF(AH30*SQRT($N30^2+($M30+AH30)^2)<$O30^2,1,-1)*$O30/2^12 -> 2.9345148 | AJ30: =AI30+IF(AI30*SQRT($N30^2+($M30+AI30)^2)<$O30^2,1,-1)*$O30/2^13 -> 2.9325021 | AK30: =AJ30+IF(AJ30*SQRT($N30^2+($M30+AJ30)^2)<$O30^2,1,-1)*$O30/2^14 -> 2.9314957 | AL30: =AK30+IF(AK30*SQRT($N30^2+($M30+AK30)^2)<$O30^2,1,-1)*$O30/2^15 -> 2.9309925 | AM30: =AL30+IF(AL30*SQRT($N30^2+($M30+AL30)^2)<$O30^2,1,-1)*$O30/2^16 -> 2.9307409 | AN30: =AM30+IF(AM30*SQRT($N30^2+($M30+AM30)^2)<$O30^2,1,-1)*$O30/2^17 -> 2.9306151 | AO30: =AN30+IF(AN30*SQRT($N30^2+($M30+AN30)^2)<$O30^2,1,-1)*$O30/2^18 -> 2.930678 | AP30: =AO30+IF(AO30*SQRT($N30^2+($M30+AO30)^2)<$O30^2,1,-1)*$O30/2^19 -> 2.9306466 | AQ30: =AP30+IF(AP30*SQRT($N30^2+($M30+AP30)^2)<$O30^2,1,-1)*$O30/2^20 -> 2.9306623 | AR30: =AQ30+IF(AQ30*SQRT($N30^2+($M30+AQ30)^2)<$O30^2,1,-1)*$O30/2^21 -> 2.9306545 | AS30: =AR30+IF(AR30*SQRT($N30^2+($M30+AR30)^2)<$O30^2,1,-1)*$O30/2^22 -> 2.9306584 | AT30: =AS30+IF(AS30*SQRT($N30^2+($M30+AS30)^2)<$O30^2,1,-1)*$O30/2^23 -> 2.9306564 | AU30: =AT30+IF(AT30*SQRT($N30^2+($M30+AT30)^2)<$O30^2,1,-1)*$O30/2^24 -> 2.9306554
B31: Speed sweep 20 | C31: =IF(AND(Inputs!E33="OK",Inputs!E34="OK"),Inputs!C33*Inputs!C34*19/20,NA()) -> 342 | D31: =0 -> 0 | E31: =1 -> 1 | F31: 1 | G31: =C31/3.6 -> 95 | H31: =IF(Inputs!E27="OK",0.5*Inputs!C27*Inputs!C58*G31^2,NA()) -> 35.378 | I31: =IF(F31=0,0,H31+Inputs!C55*D31) -> 35.378 | J31: =IF(F31=0,0,IF(AND(ISNUMBER(E31),E31>=1,E31<=10),Inputs!C56*E31,NA())) -> 11.437006 | K31: =SQRT(I31^2+J31^2) -> 37.180747 | L31: =IF(F31=0,0,DEGREES(ATAN(I31/J31))) -> 72.085009 | M31: =IF(F31=0,0,G31*I31/K31) -> 90.393826 | N31: =IF(F31=0,0,G31*J31/K31) -> 29.222531 | O31: =IF(F31=0,0,IF(Inputs!E27="OK",SQRT(K31/(2*Inputs!C27*Inputs!C57)),NA())) -> 17.306026 | P31: =AU31 -> 3.0587618 | Q31: =K31*P31 -> 113.72705 | R31: =I31*G31 -> 3360.91 | S31: =IF(F31=0,0,IF(Inputs!E30="OK",SUM(Q31:R31)/Inputs!C30,NA())) -> 5345.5955 | T31: =IF(AND(Inputs!E31="OK",Inputs!E32="OK"),S31/Inputs!C31+Inputs!C32,NA()) -> 5957.5505 | U31: =T31/Inputs!C62 -> 283.69288 | V31: =IF(Inputs!E25="OK",(T31-Inputs!C32)/Inputs!C25,NA()) -> 1484.8876 | W31: =IF(F31=0,0,(P31*SQRT(N31^2+(M31+P31)^2)-O31^2)/O31^2) -> 1.4375135e-07 | X31: =$O31/2 -> 8.6530131 | Y31: =X31+IF(X31*SQRT($N31^2+($M31+X31)^2)<$O31^2,1,-1)*$O31/2^2 -> 4.3265066 | Z31: =Y31+IF(Y31*SQRT($N31^2+($M31+Y31)^2)<$O31^2,1,-1)*$O31/2^3 -> 2.1632533 | AA31: =Z31+IF(Z31*SQRT($N31^2+($M31+Z31)^2)<$O31^2,1,-1)*$O31/2^4 -> 3.2448799 | AB31: =AA31+IF(AA31*SQRT($N31^2+($M31+AA31)^2)<$O31^2,1,-1)*$O31/2^5 -> 2.7040666 | AC31: =AB31+IF(AB31*SQRT($N31^2+($M31+AB31)^2)<$O31^2,1,-1)*$O31/2^6 -> 2.9744733 | AD31: =AC31+IF(AC31*SQRT($N31^2+($M31+AC31)^2)<$O31^2,1,-1)*$O31/2^7 -> 3.1096766 | AE31: =AD31+IF(AD31*SQRT($N31^2+($M31+AD31)^2)<$O31^2,1,-1)*$O31/2^8 -> 3.0420749 | AF31: =AE31+IF(AE31*SQRT($N31^2+($M31+AE31)^2)<$O31^2,1,-1)*$O31/2^9 -> 3.0758758 | AG31: =AF31+IF(AF31*SQRT($N31^2+($M31+AF31)^2)<$O31^2,1,-1)*$O31/2^10 -> 3.0589753 | AH31: =AG31+IF(AG31*SQRT($N31^2+($M31+AG31)^2)<$O31^2,1,-1)*$O31/2^11 -> 3.0505251 | AI31: =AH31+IF(AH31*SQRT($N31^2+($M31+AH31)^2)<$O31^2,1,-1)*$O31/2^12 -> 3.0547502 | AJ31: =AI31+IF(AI31*SQRT($N31^2+($M31+AI31)^2)<$O31^2,1,-1)*$O31/2^13 -> 3.0568628 | AK31: =AJ31+IF(AJ31*SQRT($N31^2+($M31+AJ31)^2)<$O31^2,1,-1)*$O31/2^14 -> 3.0579191 | AL31: =AK31+IF(AK31*SQRT($N31^2+($M31+AK31)^2)<$O31^2,1,-1)*$O31/2^15 -> 3.0584472 | AM31: =AL31+IF(AL31*SQRT($N31^2+($M31+AL31)^2)<$O31^2,1,-1)*$O31/2^16 -> 3.0587113 | AN31: =AM31+IF(AM31*SQRT($N31^2+($M31+AM31)^2)<$O31^2,1,-1)*$O31/2^17 -> 3.0588433 | AO31: =AN31+IF(AN31*SQRT($N31^2+($M31+AN31)^2)<$O31^2,1,-1)*$O31/2^18 -> 3.0587773 | AP31: =AO31+IF(AO31*SQRT($N31^2+($M31+AO31)^2)<$O31^2,1,-1)*$O31/2^19 -> 3.0587443 | AQ31: =AP31+IF(AP31*SQRT($N31^2+($M31+AP31)^2)<$O31^2,1,-1)*$O31/2^20 -> 3.0587608 | AR31: =AQ31+IF(AQ31*SQRT($N31^2+($M31+AQ31)^2)<$O31^2,1,-1)*$O31/2^21 -> 3.058769 | AS31: =AR31+IF(AR31*SQRT($N31^2+($M31+AR31)^2)<$O31^2,1,-1)*$O31/2^22 -> 3.0587649 | AT31: =AS31+IF(AS31*SQRT($N31^2+($M31+AS31)^2)<$O31^2,1,-1)*$O31/2^23 -> 3.0587629 | AU31: =AT31+IF(AT31*SQRT($N31^2+($M31+AT31)^2)<$O31^2,1,-1)*$O31/2^24 -> 3.0587618
B32: Speed sweep 21 | C32: =IF(AND(Inputs!E33="OK",Inputs!E34="OK"),Inputs!C33*Inputs!C34*20/20,NA()) -> 360 | D32: =0 -> 0 | E32: =1 -> 1 | F32: 1 | G32: =C32/3.6 -> 100 | H32: =IF(Inputs!E27="OK",0.5*Inputs!C27*Inputs!C58*G32^2,NA()) -> 39.2 | I32: =IF(F32=0,0,H32+Inputs!C55*D32) -> 39.2 | J32: =IF(F32=0,0,IF(AND(ISNUMBER(E32),E32>=1,E32<=10),Inputs!C56*E32,NA())) -> 11.437006 | K32: =SQRT(I32^2+J32^2) -> 40.834362 | L32: =IF(F32=0,0,DEGREES(ATAN(I32/J32))) -> 73.734849 | M32: =IF(F32=0,0,G32*I32/K32) -> 95.997582 | N32: =IF(F32=0,0,G32*J32/K32) -> 28.008288 | O32: =IF(F32=0,0,IF(Inputs!E27="OK",SQRT(K32/(2*Inputs!C27*Inputs!C57)),NA())) -> 18.136404 | P32: =AU32 -> 3.1913942 | Q32: =K32*P32 -> 130.31854 | R32: =I32*G32 -> 3920 | S32: =IF(F32=0,0,IF(Inputs!E30="OK",SUM(Q32:R32)/Inputs!C30,NA())) -> 6231.2593 | T32: =IF(AND(Inputs!E31="OK",Inputs!E32="OK"),S32/Inputs!C31+Inputs!C32,NA()) -> 6941.6214 | U32: =T32/Inputs!C62 -> 330.5534 | V32: =IF(Inputs!E25="OK",(T32-Inputs!C32)/Inputs!C25,NA()) -> 1730.9054 | W32: =IF(F32=0,0,(P32*SQRT(N32^2+(M32+P32)^2)-O32^2)/O32^2) -> -5.4276149e-08 | X32: =$O32/2 -> 9.0682021 | Y32: =X32+IF(X32*SQRT($N32^2+($M32+X32)^2)<$O32^2,1,-1)*$O32/2^2 -> 4.5341011 | Z32: =Y32+IF(Y32*SQRT($N32^2+($M32+Y32)^2)<$O32^2,1,-1)*$O32/2^3 -> 2.2670505 | AA32: =Z32+IF(Z32*SQRT($N32^2+($M32+Z32)^2)<$O32^2,1,-1)*$O32/2^4 -> 3.4005758 | AB32: =AA32+IF(AA32*SQRT($N32^2+($M32+AA32)^2)<$O32^2,1,-1)*$O32/2^5 -> 2.8338132 | AC32: =AB32+IF(AB32*SQRT($N32^2+($M32+AB32)^2)<$O32^2,1,-1)*$O32/2^6 -> 3.1171945 | AD32: =AC32+IF(AC32*SQRT($N32^2+($M32+AC32)^2)<$O32^2,1,-1)*$O32/2^7 -> 3.2588851 | AE32: =AD32+IF(AD32*SQRT($N32^2+($M32+AD32)^2)<$O32^2,1,-1)*$O32/2^8 -> 3.1880398 | AF32: =AE32+IF(AE32*SQRT($N32^2+($M32+AE32)^2)<$O32^2,1,-1)*$O32/2^9 -> 3.2234625 | AG32: =AF32+IF(AF32*SQRT($N32^2+($M32+AF32)^2)<$O32^2,1,-1)*$O32/2^10 -> 3.2057511 | AH32: =AG32+IF(AG32*SQRT($N32^2+($M32+AG32)^2)<$O32^2,1,-1)*$O32/2^11 -> 3.1968955 | AI32: =AH32+IF(AH32*SQRT($N32^2+($M32+AH32)^2)<$O32^2,1,-1)*$O32/2^12 -> 3.1924676 | AJ32: =AI32+IF(AI32*SQRT($N32^2+($M32+AI32)^2)<$O32^2,1,-1)*$O32/2^13 -> 3.1902537 | AK32: =AJ32+IF(AJ32*SQRT($N32^2+($M32+AJ32)^2)<$O32^2,1,-1)*$O32/2^14 -> 3.1913607 | AL32: =AK32+IF(AK32*SQRT($N32^2+($M32+AK32)^2)<$O32^2,1,-1)*$O32/2^15 -> 3.1919142 | AM32: =AL32+IF(AL32*SQRT($N32^2+($M32+AL32)^2)<$O32^2,1,-1)*$O32/2^16 -> 3.1916374 | AN32: =AM32+IF(AM32*SQRT($N32^2+($M32+AM32)^2)<$O32^2,1,-1)*$O32/2^17 -> 3.191499 | AO32: =AN32+IF(AN32*SQRT($N32^2+($M32+AN32)^2)<$O32^2,1,-1)*$O32/2^18 -> 3.1914299 | AP32: =AO32+IF(AO32*SQRT($N32^2+($M32+AO32)^2)<$O32^2,1,-1)*$O32/2^19 -> 3.1913953 | AQ32: =AP32+IF(AP32*SQRT($N32^2+($M32+AP32)^2)<$O32^2,1,-1)*$O32/2^20 -> 3.191378 | AR32: =AQ32+IF(AQ32*SQRT($N32^2+($M32+AQ32)^2)<$O32^2,1,-1)*$O32/2^21 -> 3.1913866 | AS32: =AR32+IF(AR32*SQRT($N32^2+($M32+AR32)^2)<$O32^2,1,-1)*$O32/2^22 -> 3.1913909 | AT32: =AS32+IF(AS32*SQRT($N32^2+($M32+AS32)^2)<$O32^2,1,-1)*$O32/2^23 -> 3.1913931 | AU32: =AT32+IF(AT32*SQRT($N32^2+($M32+AT32)^2)<$O32^2,1,-1)*$O32/2^24 -> 3.1913942
B36: Startup / readiness: start | C36: =Mission!F8+(Mission!G8-Mission!F8)*0/2 -> 0 | D36: =Mission!H8 -> 0 | E36: =Mission!E8 -> 1 | F36: 0 | G36: =C36/3.6 -> 0 | H36: =IF(Inputs!E27="OK",0.5*Inputs!C27*Inputs!C58*G36^2,NA()) -> 0 | I36: =IF(F36=0,0,H36+Inputs!C55*D36) -> 0 | J36: =IF(F36=0,0,IF(AND(ISNUMBER(E36),E36>=1,E36<=10),Inputs!C56*E36,NA())) -> 0 | K36: =SQRT(I36^2+J36^2) -> 0 | L36: =IF(F36=0,0,DEGREES(ATAN(I36/J36))) -> 0 | M36: =IF(F36=0,0,G36*I36/K36) -> 0 | N36: =IF(F36=0,0,G36*J36/K36) -> 0 | O36: =IF(F36=0,0,IF(Inputs!E27="OK",SQRT(K36/(2*Inputs!C27*Inputs!C57)),NA())) -> 0 | P36: =AU36 -> 0 | Q36: =K36*P36 -> 0 | R36: =I36*G36 -> 0 | S36: =IF(F36=0,0,IF(Inputs!E30="OK",SUM(Q36:R36)/Inputs!C30,NA())) -> 0 | T36: =IF(AND(Inputs!E31="OK",Inputs!E32="OK"),S36/Inputs!C31+Inputs!C32,NA()) -> 18 | U36: =T36/Inputs!C62 -> 0.85714286 | V36: =IF(Inputs!E25="OK",(T36-Inputs!C32)/Inputs!C25,NA()) -> 0 | W36: =IF(F36=0,0,(P36*SQRT(N36^2+(M36+P36)^2)-O36^2)/O36^2) -> 0 | X36: =$O36/2 -> 0 | Y36: =X36+IF(X36*SQRT($N36^2+($M36+X36)^2)<$O36^2,1,-1)*$O36/2^2 -> 0 | Z36: =Y36+IF(Y36*SQRT($N36^2+($M36+Y36)^2)<$O36^2,1,-1)*$O36/2^3 -> 0 | AA36: =Z36+IF(Z36*SQRT($N36^2+($M36+Z36)^2)<$O36^2,1,-1)*$O36/2^4 -> 0 | AB36: =AA36+IF(AA36*SQRT($N36^2+($M36+AA36)^2)<$O36^2,1,-1)*$O36/2^5 -> 0 | AC36: =AB36+IF(AB36*SQRT($N36^2+($M36+AB36)^2)<$O36^2,1,-1)*$O36/2^6 -> 0 | AD36: =AC36+IF(AC36*SQRT($N36^2+($M36+AC36)^2)<$O36^2,1,-1)*$O36/2^7 -> 0 | AE36: =AD36+IF(AD36*SQRT($N36^2+($M36+AD36)^2)<$O36^2,1,-1)*$O36/2^8 -> 0 | AF36: =AE36+IF(AE36*SQRT($N36^2+($M36+AE36)^2)<$O36^2,1,-1)*$O36/2^9 -> 0 | AG36: =AF36+IF(AF36*SQRT($N36^2+($M36+AF36)^2)<$O36^2,1,-1)*$O36/2^10 -> 0 | AH36: =AG36+IF(AG36*SQRT($N36^2+($M36+AG36)^2)<$O36^2,1,-1)*$O36/2^11 -> 0 | AI36: =AH36+IF(AH36*SQRT($N36^2+($M36+AH36)^2)<$O36^2,1,-1)*$O36/2^12 -> 0 | AJ36: =AI36+IF(AI36*SQRT($N36^2+($M36+AI36)^2)<$O36^2,1,-1)*$O36/2^13 -> 0 | AK36: =AJ36+IF(AJ36*SQRT($N36^2+($M36+AJ36)^2)<$O36^2,1,-1)*$O36/2^14 -> 0 | AL36: =AK36+IF(AK36*SQRT($N36^2+($M36+AK36)^2)<$O36^2,1,-1)*$O36/2^15 -> 0 | AM36: =AL36+IF(AL36*SQRT($N36^2+($M36+AL36)^2)<$O36^2,1,-1)*$O36/2^16 -> 0 | AN36: =AM36+IF(AM36*SQRT($N36^2+($M36+AM36)^2)<$O36^2,1,-1)*$O36/2^17 -> 0 | AO36: =AN36+IF(AN36*SQRT($N36^2+($M36+AN36)^2)<$O36^2,1,-1)*$O36/2^18 -> 0 | AP36: =AO36+IF(AO36*SQRT($N36^2+($M36+AO36)^2)<$O36^2,1,-1)*$O36/2^19 -> 0 | AQ36: =AP36+IF(AP36*SQRT($N36^2+($M36+AP36)^2)<$O36^2,1,-1)*$O36/2^20 -> 0 | AR36: =AQ36+IF(AQ36*SQRT($N36^2+($M36+AQ36)^2)<$O36^2,1,-1)*$O36/2^21 -> 0 | AS36: =AR36+IF(AR36*SQRT($N36^2+($M36+AR36)^2)<$O36^2,1,-1)*$O36/2^22 -> 0 | AT36: =AS36+IF(AS36*SQRT($N36^2+($M36+AS36)^2)<$O36^2,1,-1)*$O36/2^23 -> 0 | AU36: =AT36+IF(AT36*SQRT($N36^2+($M36+AT36)^2)<$O36^2,1,-1)*$O36/2^24 -> 0
B37: Startup / readiness: mid | C37: =Mission!F8+(Mission!G8-Mission!F8)*1/2 -> 0 | D37: =Mission!H8 -> 0 | E37: =Mission!E8 -> 1 | F37: 0 | G37: =C37/3.6 -> 0 | H37: =IF(Inputs!E27="OK",0.5*Inputs!C27*Inputs!C58*G37^2,NA()) -> 0 | I37: =IF(F37=0,0,H37+Inputs!C55*D37) -> 0 | J37: =IF(F37=0,0,IF(AND(ISNUMBER(E37),E37>=1,E37<=10),Inputs!C56*E37,NA())) -> 0 | K37: =SQRT(I37^2+J37^2) -> 0 | L37: =IF(F37=0,0,DEGREES(ATAN(I37/J37))) -> 0 | M37: =IF(F37=0,0,G37*I37/K37) -> 0 | N37: =IF(F37=0,0,G37*J37/K37) -> 0 | O37: =IF(F37=0,0,IF(Inputs!E27="OK",SQRT(K37/(2*Inputs!C27*Inputs!C57)),NA())) -> 0 | P37: =AU37 -> 0 | Q37: =K37*P37 -> 0 | R37: =I37*G37 -> 0 | S37: =IF(F37=0,0,IF(Inputs!E30="OK",SUM(Q37:R37)/Inputs!C30,NA())) -> 0 | T37: =IF(AND(Inputs!E31="OK",Inputs!E32="OK"),S37/Inputs!C31+Inputs!C32,NA()) -> 18 | U37: =T37/Inputs!C62 -> 0.85714286 | V37: =IF(Inputs!E25="OK",(T37-Inputs!C32)/Inputs!C25,NA()) -> 0 | W37: =IF(F37=0,0,(P37*SQRT(N37^2+(M37+P37)^2)-O37^2)/O37^2) -> 0 | X37: =$O37/2 -> 0 | Y37: =X37+IF(X37*SQRT($N37^2+($M37+X37)^2)<$O37^2,1,-1)*$O37/2^2 -> 0 | Z37: =Y37+IF(Y37*SQRT($N37^2+($M37+Y37)^2)<$O37^2,1,-1)*$O37/2^3 -> 0 | AA37: =Z37+IF(Z37*SQRT($N37^2+($M37+Z37)^2)<$O37^2,1,-1)*$O37/2^4 -> 0 | AB37: =AA37+IF(AA37*SQRT($N37^2+($M37+AA37)^2)<$O37^2,1,-1)*$O37/2^5 -> 0 | AC37: =AB37+IF(AB37*SQRT($N37^2+($M37+AB37)^2)<$O37^2,1,-1)*$O37/2^6 -> 0 | AD37: =AC37+IF(AC37*SQRT($N37^2+($M37+AC37)^2)<$O37^2,1,-1)*$O37/2^7 -> 0 | AE37: =AD37+IF(AD37*SQRT($N37^2+($M37+AD37)^2)<$O37^2,1,-1)*$O37/2^8 -> 0 | AF37: =AE37+IF(AE37*SQRT($N37^2+($M37+AE37)^2)<$O37^2,1,-1)*$O37/2^9 -> 0 | AG37: =AF37+IF(AF37*SQRT($N37^2+($M37+AF37)^2)<$O37^2,1,-1)*$O37/2^10 -> 0 | AH37: =AG37+IF(AG37*SQRT($N37^2+($M37+AG37)^2)<$O37^2,1,-1)*$O37/2^11 -> 0 | AI37: =AH37+IF(AH37*SQRT($N37^2+($M37+AH37)^2)<$O37^2,1,-1)*$O37/2^12 -> 0 | AJ37: =AI37+IF(AI37*SQRT($N37^2+($M37+AI37)^2)<$O37^2,1,-1)*$O37/2^13 -> 0 | AK37: =AJ37+IF(AJ37*SQRT($N37^2+($M37+AJ37)^2)<$O37^2,1,-1)*$O37/2^14 -> 0 | AL37: =AK37+IF(AK37*SQRT($N37^2+($M37+AK37)^2)<$O37^2,1,-1)*$O37/2^15 -> 0 | AM37: =AL37+IF(AL37*SQRT($N37^2+($M37+AL37)^2)<$O37^2,1,-1)*$O37/2^16 -> 0 | AN37: =AM37+IF(AM37*SQRT($N37^2+($M37+AM37)^2)<$O37^2,1,-1)*$O37/2^17 -> 0 | AO37: =AN37+IF(AN37*SQRT($N37^2+($M37+AN37)^2)<$O37^2,1,-1)*$O37/2^18 -> 0 | AP37: =AO37+IF(AO37*SQRT($N37^2+($M37+AO37)^2)<$O37^2,1,-1)*$O37/2^19 -> 0 | AQ37: =AP37+IF(AP37*SQRT($N37^2+($M37+AP37)^2)<$O37^2,1,-1)*$O37/2^20 -> 0 | AR37: =AQ37+IF(AQ37*SQRT($N37^2+($M37+AQ37)^2)<$O37^2,1,-1)*$O37/2^21 -> 0 | AS37: =AR37+IF(AR37*SQRT($N37^2+($M37+AR37)^2)<$O37^2,1,-1)*$O37/2^22 -> 0 | AT37: =AS37+IF(AS37*SQRT($N37^2+($M37+AS37)^2)<$O37^2,1,-1)*$O37/2^23 -> 0 | AU37: =AT37+IF(AT37*SQRT($N37^2+($M37+AT37)^2)<$O37^2,1,-1)*$O37/2^24 -> 0
B38: Startup / readiness: end | C38: =Mission!F8+(Mission!G8-Mission!F8)*2/2 -> 0 | D38: =Mission!H8 -> 0 | E38: =Mission!E8 -> 1 | F38: 0 | G38: =C38/3.6 -> 0 | H38: =IF(Inputs!E27="OK",0.5*Inputs!C27*Inputs!C58*G38^2,NA()) -> 0 | I38: =IF(F38=0,0,H38+Inputs!C55*D38) -> 0 | J38: =IF(F38=0,0,IF(AND(ISNUMBER(E38),E38>=1,E38<=10),Inputs!C56*E38,NA())) -> 0 | K38: =SQRT(I38^2+J38^2) -> 0 | L38: =IF(F38=0,0,DEGREES(ATAN(I38/J38))) -> 0 | M38: =IF(F38=0,0,G38*I38/K38) -> 0 | N38: =IF(F38=0,0,G38*J38/K38) -> 0 | O38: =IF(F38=0,0,IF(Inputs!E27="OK",SQRT(K38/(2*Inputs!C27*Inputs!C57)),NA())) -> 0 | P38: =AU38 -> 0 | Q38: =K38*P38 -> 0 | R38: =I38*G38 -> 0 | S38: =IF(F38=0,0,IF(Inputs!E30="OK",SUM(Q38:R38)/Inputs!C30,NA())) -> 0 | T38: =IF(AND(Inputs!E31="OK",Inputs!E32="OK"),S38/Inputs!C31+Inputs!C32,NA()) -> 18 | U38: =T38/Inputs!C62 -> 0.85714286 | V38: =IF(Inputs!E25="OK",(T38-Inputs!C32)/Inputs!C25,NA()) -> 0 | W38: =IF(F38=0,0,(P38*SQRT(N38^2+(M38+P38)^2)-O38^2)/O38^2) -> 0 | X38: =$O38/2 -> 0 | Y38: =X38+IF(X38*SQRT($N38^2+($M38+X38)^2)<$O38^2,1,-1)*$O38/2^2 -> 0 | Z38: =Y38+IF(Y38*SQRT($N38^2+($M38+Y38)^2)<$O38^2,1,-1)*$O38/2^3 -> 0 | AA38: =Z38+IF(Z38*SQRT($N38^2+($M38+Z38)^2)<$O38^2,1,-1)*$O38/2^4 -> 0 | AB38: =AA38+IF(AA38*SQRT($N38^2+($M38+AA38)^2)<$O38^2,1,-1)*$O38/2^5 -> 0 | AC38: =AB38+IF(AB38*SQRT($N38^2+($M38+AB38)^2)<$O38^2,1,-1)*$O38/2^6 -> 0 | AD38: =AC38+IF(AC38*SQRT($N38^2+($M38+AC38)^2)<$O38^2,1,-1)*$O38/2^7 -> 0 | AE38: =AD38+IF(AD38*SQRT($N38^2+($M38+AD38)^2)<$O38^2,1,-1)*$O38/2^8 -> 0 | AF38: =AE38+IF(AE38*SQRT($N38^2+($M38+AE38)^2)<$O38^2,1,-1)*$O38/2^9 -> 0 | AG38: =AF38+IF(AF38*SQRT($N38^2+($M38+AF38)^2)<$O38^2,1,-1)*$O38/2^10 -> 0 | AH38: =AG38+IF(AG38*SQRT($N38^2+($M38+AG38)^2)<$O38^2,1,-1)*$O38/2^11 -> 0 | AI38: =AH38+IF(AH38*SQRT($N38^2+($M38+AH38)^2)<$O38^2,1,-1)*$O38/2^12 -> 0 | AJ38: =AI38+IF(AI38*SQRT($N38^2+($M38+AI38)^2)<$O38^2,1,-1)*$O38/2^13 -> 0 | AK38: =AJ38+IF(AJ38*SQRT($N38^2+($M38+AJ38)^2)<$O38^2,1,-1)*$O38/2^14 -> 0 | AL38: =AK38+IF(AK38*SQRT($N38^2+($M38+AK38)^2)<$O38^2,1,-1)*$O38/2^15 -> 0 | AM38: =AL38+IF(AL38*SQRT($N38^2+($M38+AL38)^2)<$O38^2,1,-1)*$O38/2^16 -> 0 | AN38: =AM38+IF(AM38*SQRT($N38^2+($M38+AM38)^2)<$O38^2,1,-1)*$O38/2^17 -> 0 | AO38: =AN38+IF(AN38*SQRT($N38^2+($M38+AN38)^2)<$O38^2,1,-1)*$O38/2^18 -> 0 | AP38: =AO38+IF(AO38*SQRT($N38^2+($M38+AO38)^2)<$O38^2,1,-1)*$O38/2^19 -> 0 | AQ38: =AP38+IF(AP38*SQRT($N38^2+($M38+AP38)^2)<$O38^2,1,-1)*$O38/2^20 -> 0 | AR38: =AQ38+IF(AQ38*SQRT($N38^2+($M38+AQ38)^2)<$O38^2,1,-1)*$O38/2^21 -> 0 | AS38: =AR38+IF(AR38*SQRT($N38^2+($M38+AR38)^2)<$O38^2,1,-1)*$O38/2^22 -> 0 | AT38: =AS38+IF(AS38*SQRT($N38^2+($M38+AS38)^2)<$O38^2,1,-1)*$O38/2^23 -> 0 | AU38: =AT38+IF(AT38*SQRT($N38^2+($M38+AT38)^2)<$O38^2,1,-1)*$O38/2^24 -> 0
B39: Takeoff / hover / alignment: start | C39: =Mission!F9+(Mission!G9-Mission!F9)*0/2 -> 0 | D39: =Mission!H9 -> 0 | E39: =Mission!E9 -> 1.1 | F39: 1 | G39: =C39/3.6 -> 0 | H39: =IF(Inputs!E27="OK",0.5*Inputs!C27*Inputs!C58*G39^2,NA()) -> 0 | I39: =IF(F39=0,0,H39+Inputs!C55*D39) -> 0 | J39: =IF(F39=0,0,IF(AND(ISNUMBER(E39),E39>=1,E39<=10),Inputs!C56*E39,NA())) -> 12.580706 | K39: =SQRT(I39^2+J39^2) -> 12.580706 | L39: =IF(F39=0,0,DEGREES(ATAN(I39/J39))) -> 0 | M39: =IF(F39=0,0,G39*I39/K39) -> 0 | N39: =IF(F39=0,0,G39*J39/K39) -> 0 | O39: =IF(F39=0,0,IF(Inputs!E27="OK",SQRT(K39/(2*Inputs!C27*Inputs!C57)),NA())) -> 10.066785 | P39: =AU39 -> 10.066785 | Q39: =K39*P39 -> 126.64726 | R39: =I39*G39 -> 0 | S39: =IF(F39=0,0,IF(Inputs!E30="OK",SUM(Q39:R39)/Inputs!C30,NA())) -> 194.84194 | T39: =IF(AND(Inputs!E31="OK",Inputs!E32="OK"),S39/Inputs!C31+Inputs!C32,NA()) -> 234.49104 | U39: =T39/Inputs!C62 -> 11.16624 | V39: =IF(Inputs!E25="OK",(T39-Inputs!C32)/Inputs!C25,NA()) -> 54.122761 | W39: =IF(F39=0,0,(P39*SQRT(N39^2+(M39+P39)^2)-O39^2)/O39^2) -> -1.1920929e-07 | X39: =$O39/2 -> 5.0333927 | Y39: =X39+IF(X39*SQRT($N39^2+($M39+X39)^2)<$O39^2,1,-1)*$O39/2^2 -> 7.550089 | Z39: =Y39+IF(Y39*SQRT($N39^2+($M39+Y39)^2)<$O39^2,1,-1)*$O39/2^3 -> 8.8084372 | AA39: =Z39+IF(Z39*SQRT($N39^2+($M39+Z39)^2)<$O39^2,1,-1)*$O39/2^4 -> 9.4376113 | AB39: =AA39+IF(AA39*SQRT($N39^2+($M39+AA39)^2)<$O39^2,1,-1)*$O39/2^5 -> 9.7521983 | AC39: =AB39+IF(AB39*SQRT($N39^2+($M39+AB39)^2)<$O39^2,1,-1)*$O39/2^6 -> 9.9094918 | AD39: =AC39+IF(AC39*SQRT($N39^2+($M39+AC39)^2)<$O39^2,1,-1)*$O39/2^7 -> 9.9881386 | AE39: =AD39+IF(AD39*SQRT($N39^2+($M39+AD39)^2)<$O39^2,1,-1)*$O39/2^8 -> 10.027462 | AF39: =AE39+IF(AE39*SQRT($N39^2+($M39+AE39)^2)<$O39^2,1,-1)*$O39/2^9 -> 10.047124 | AG39: =AF39+IF(AF39*SQRT($N39^2+($M39+AF39)^2)<$O39^2,1,-1)*$O39/2^10 -> 10.056955 | AH39: =AG39+IF(AG39*SQRT($N39^2+($M39+AG39)^2)<$O39^2,1,-1)*$O39/2^11 -> 10.06187 | AI39: =AH39+IF(AH39*SQRT($N39^2+($M39+AH39)^2)<$O39^2,1,-1)*$O39/2^12 -> 10.064328 | AJ39: =AI39+IF(AI39*SQRT($N39^2+($M39+AI39)^2)<$O39^2,1,-1)*$O39/2^13 -> 10.065557 | AK39: =AJ39+IF(AJ39*SQRT($N39^2+($M39+AJ39)^2)<$O39^2,1,-1)*$O39/2^14 -> 10.066171 | AL39: =AK39+IF(AK39*SQRT($N39^2+($M39+AK39)^2)<$O39^2,1,-1)*$O39/2^15 -> 10.066478 | AM39: =AL39+IF(AL39*SQRT($N39^2+($M39+AL39)^2)<$O39^2,1,-1)*$O39/2^16 -> 10.066632 | AN39: =AM39+IF(AM39*SQRT($N39^2+($M39+AM39)^2)<$O39^2,1,-1)*$O39/2^17 -> 10.066709 | AO39: =AN39+IF(AN39*SQRT($N39^2+($M39+AN39)^2)<$O39^2,1,-1)*$O39/2^18 -> 10.066747 | AP39: =AO39+IF(AO39*SQRT($N39^2+($M39+AO39)^2)<$O39^2,1,-1)*$O39/2^19 -> 10.066766 | AQ39: =AP39+IF(AP39*SQRT($N39^2+($M39+AP39)^2)<$O39^2,1,-1)*$O39/2^20 -> 10.066776 | AR39: =AQ39+IF(AQ39*SQRT($N39^2+($M39+AQ39)^2)<$O39^2,1,-1)*$O39/2^21 -> 10.066781 | AS39: =AR39+IF(AR39*SQRT($N39^2+($M39+AR39)^2)<$O39^2,1,-1)*$O39/2^22 -> 10.066783 | AT39: =AS39+IF(AS39*SQRT($N39^2+($M39+AS39)^2)<$O39^2,1,-1)*$O39/2^23 -> 10.066784 | AU39: =AT39+IF(AT39*SQRT($N39^2+($M39+AT39)^2)<$O39^2,1,-1)*$O39/2^24 -> 10.066785
B40: Takeoff / hover / alignment: mid | C40: =Mission!F9+(Mission!G9-Mission!F9)*1/2 -> 0 | D40: =Mission!H9 -> 0 | E40: =Mission!E9 -> 1.1 | F40: 1 | G40: =C40/3.6 -> 0 | H40: =IF(Inputs!E27="OK",0.5*Inputs!C27*Inputs!C58*G40^2,NA()) -> 0 | I40: =IF(F40=0,0,H40+Inputs!C55*D40) -> 0 | J40: =IF(F40=0,0,IF(AND(ISNUMBER(E40),E40>=1,E40<=10),Inputs!C56*E40,NA())) -> 12.580706 | K40: =SQRT(I40^2+J40^2) -> 12.580706 | L40: =IF(F40=0,0,DEGREES(ATAN(I40/J40))) -> 0 | M40: =IF(F40=0,0,G40*I40/K40) -> 0 | N40: =IF(F40=0,0,G40*J40/K40) -> 0 | O40: =IF(F40=0,0,IF(Inputs!E27="OK",SQRT(K40/(2*Inputs!C27*Inputs!C57)),NA())) -> 10.066785 | P40: =AU40 -> 10.066785 | Q40: =K40*P40 -> 126.64726 | R40: =I40*G40 -> 0 | S40: =IF(F40=0,0,IF(Inputs!E30="OK",SUM(Q40:R40)/Inputs!C30,NA())) -> 194.84194 | T40: =IF(AND(Inputs!E31="OK",Inputs!E32="OK"),S40/Inputs!C31+Inputs!C32,NA()) -> 234.49104 | U40: =T40/Inputs!C62 -> 11.16624 | V40: =IF(Inputs!E25="OK",(T40-Inputs!C32)/Inputs!C25,NA()) -> 54.122761 | W40: =IF(F40=0,0,(P40*SQRT(N40^2+(M40+P40)^2)-O40^2)/O40^2) -> -1.1920929e-07 | X40: =$O40/2 -> 5.0333927 | Y40: =X40+IF(X40*SQRT($N40^2+($M40+X40)^2)<$O40^2,1,-1)*$O40/2^2 -> 7.550089 | Z40: =Y40+IF(Y40*SQRT($N40^2+($M40+Y40)^2)<$O40^2,1,-1)*$O40/2^3 -> 8.8084372 | AA40: =Z40+IF(Z40*SQRT($N40^2+($M40+Z40)^2)<$O40^2,1,-1)*$O40/2^4 -> 9.4376113 | AB40: =AA40+IF(AA40*SQRT($N40^2+($M40+AA40)^2)<$O40^2,1,-1)*$O40/2^5 -> 9.7521983 | AC40: =AB40+IF(AB40*SQRT($N40^2+($M40+AB40)^2)<$O40^2,1,-1)*$O40/2^6 -> 9.9094918 | AD40: =AC40+IF(AC40*SQRT($N40^2+($M40+AC40)^2)<$O40^2,1,-1)*$O40/2^7 -> 9.9881386 | AE40: =AD40+IF(AD40*SQRT($N40^2+($M40+AD40)^2)<$O40^2,1,-1)*$O40/2^8 -> 10.027462 | AF40: =AE40+IF(AE40*SQRT($N40^2+($M40+AE40)^2)<$O40^2,1,-1)*$O40/2^9 -> 10.047124 | AG40: =AF40+IF(AF40*SQRT($N40^2+($M40+AF40)^2)<$O40^2,1,-1)*$O40/2^10 -> 10.056955 | AH40: =AG40+IF(AG40*SQRT($N40^2+($M40+AG40)^2)<$O40^2,1,-1)*$O40/2^11 -> 10.06187 | AI40: =AH40+IF(AH40*SQRT($N40^2+($M40+AH40)^2)<$O40^2,1,-1)*$O40/2^12 -> 10.064328 | AJ40: =AI40+IF(AI40*SQRT($N40^2+($M40+AI40)^2)<$O40^2,1,-1)*$O40/2^13 -> 10.065557 | AK40: =AJ40+IF(AJ40*SQRT($N40^2+($M40+AJ40)^2)<$O40^2,1,-1)*$O40/2^14 -> 10.066171 | AL40: =AK40+IF(AK40*SQRT($N40^2+($M40+AK40)^2)<$O40^2,1,-1)*$O40/2^15 -> 10.066478 | AM40: =AL40+IF(AL40*SQRT($N40^2+($M40+AL40)^2)<$O40^2,1,-1)*$O40/2^16 -> 10.066632 | AN40: =AM40+IF(AM40*SQRT($N40^2+($M40+AM40)^2)<$O40^2,1,-1)*$O40/2^17 -> 10.066709 | AO40: =AN40+IF(AN40*SQRT($N40^2+($M40+AN40)^2)<$O40^2,1,-1)*$O40/2^18 -> 10.066747 | AP40: =AO40+IF(AO40*SQRT($N40^2+($M40+AO40)^2)<$O40^2,1,-1)*$O40/2^19 -> 10.066766 | AQ40: =AP40+IF(AP40*SQRT($N40^2+($M40+AP40)^2)<$O40^2,1,-1)*$O40/2^20 -> 10.066776 | AR40: =AQ40+IF(AQ40*SQRT($N40^2+($M40+AQ40)^2)<$O40^2,1,-1)*$O40/2^21 -> 10.066781 | AS40: =AR40+IF(AR40*SQRT($N40^2+($M40+AR40)^2)<$O40^2,1,-1)*$O40/2^22 -> 10.066783 | AT40: =AS40+IF(AS40*SQRT($N40^2+($M40+AS40)^2)<$O40^2,1,-1)*$O40/2^23 -> 10.066784 | AU40: =AT40+IF(AT40*SQRT($N40^2+($M40+AT40)^2)<$O40^2,1,-1)*$O40/2^24 -> 10.066785
B41: Takeoff / hover / alignment: end | C41: =Mission!F9+(Mission!G9-Mission!F9)*2/2 -> 0 | D41: =Mission!H9 -> 0 | E41: =Mission!E9 -> 1.1 | F41: 1 | G41: =C41/3.6 -> 0 | H41: =IF(Inputs!E27="OK",0.5*Inputs!C27*Inputs!C58*G41^2,NA()) -> 0 | I41: =IF(F41=0,0,H41+Inputs!C55*D41) -> 0 | J41: =IF(F41=0,0,IF(AND(ISNUMBER(E41),E41>=1,E41<=10),Inputs!C56*E41,NA())) -> 12.580706 | K41: =SQRT(I41^2+J41^2) -> 12.580706 | L41: =IF(F41=0,0,DEGREES(ATAN(I41/J41))) -> 0 | M41: =IF(F41=0,0,G41*I41/K41) -> 0 | N41: =IF(F41=0,0,G41*J41/K41) -> 0 | O41: =IF(F41=0,0,IF(Inputs!E27="OK",SQRT(K41/(2*Inputs!C27*Inputs!C57)),NA())) -> 10.066785 | P41: =AU41 -> 10.066785 | Q41: =K41*P41 -> 126.64726 | R41: =I41*G41 -> 0 | S41: =IF(F41=0,0,IF(Inputs!E30="OK",SUM(Q41:R41)/Inputs!C30,NA())) -> 194.84194 | T41: =IF(AND(Inputs!E31="OK",Inputs!E32="OK"),S41/Inputs!C31+Inputs!C32,NA()) -> 234.49104 | U41: =T41/Inputs!C62 -> 11.16624 | V41: =IF(Inputs!E25="OK",(T41-Inputs!C32)/Inputs!C25,NA()) -> 54.122761 | W41: =IF(F41=0,0,(P41*SQRT(N41^2+(M41+P41)^2)-O41^2)/O41^2) -> -1.1920929e-07 | X41: =$O41/2 -> 5.0333927 | Y41: =X41+IF(X41*SQRT($N41^2+($M41+X41)^2)<$O41^2,1,-1)*$O41/2^2 -> 7.550089 | Z41: =Y41+IF(Y41*SQRT($N41^2+($M41+Y41)^2)<$O41^2,1,-1)*$O41/2^3 -> 8.8084372 | AA41: =Z41+IF(Z41*SQRT($N41^2+($M41+Z41)^2)<$O41^2,1,-1)*$O41/2^4 -> 9.4376113 | AB41: =AA41+IF(AA41*SQRT($N41^2+($M41+AA41)^2)<$O41^2,1,-1)*$O41/2^5 -> 9.7521983 | AC41: =AB41+IF(AB41*SQRT($N41^2+($M41+AB41)^2)<$O41^2,1,-1)*$O41/2^6 -> 9.9094918 | AD41: =AC41+IF(AC41*SQRT($N41^2+($M41+AC41)^2)<$O41^2,1,-1)*$O41/2^7 -> 9.9881386 | AE41: =AD41+IF(AD41*SQRT($N41^2+($M41+AD41)^2)<$O41^2,1,-1)*$O41/2^8 -> 10.027462 | AF41: =AE41+IF(AE41*SQRT($N41^2+($M41+AE41)^2)<$O41^2,1,-1)*$O41/2^9 -> 10.047124 | AG41: =AF41+IF(AF41*SQRT($N41^2+($M41+AF41)^2)<$O41^2,1,-1)*$O41/2^10 -> 10.056955 | AH41: =AG41+IF(AG41*SQRT($N41^2+($M41+AG41)^2)<$O41^2,1,-1)*$O41/2^11 -> 10.06187 | AI41: =AH41+IF(AH41*SQRT($N41^2+($M41+AH41)^2)<$O41^2,1,-1)*$O41/2^12 -> 10.064328 | AJ41: =AI41+IF(AI41*SQRT($N41^2+($M41+AI41)^2)<$O41^2,1,-1)*$O41/2^13 -> 10.065557 | AK41: =AJ41+IF(AJ41*SQRT($N41^2+($M41+AJ41)^2)<$O41^2,1,-1)*$O41/2^14 -> 10.066171 | AL41: =AK41+IF(AK41*SQRT($N41^2+($M41+AK41)^2)<$O41^2,1,-1)*$O41/2^15 -> 10.066478 | AM41: =AL41+IF(AL41*SQRT($N41^2+($M41+AL41)^2)<$O41^2,1,-1)*$O41/2^16 -> 10.066632 | AN41: =AM41+IF(AM41*SQRT($N41^2+($M41+AM41)^2)<$O41^2,1,-1)*$O41/2^17 -> 10.066709 | AO41: =AN41+IF(AN41*SQRT($N41^2+($M41+AN41)^2)<$O41^2,1,-1)*$O41/2^18 -> 10.066747 | AP41: =AO41+IF(AO41*SQRT($N41^2+($M41+AO41)^2)<$O41^2,1,-1)*$O41/2^19 -> 10.066766 | AQ41: =AP41+IF(AP41*SQRT($N41^2+($M41+AP41)^2)<$O41^2,1,-1)*$O41/2^20 -> 10.066776 | AR41: =AQ41+IF(AQ41*SQRT($N41^2+($M41+AQ41)^2)<$O41^2,1,-1)*$O41/2^21 -> 10.066781 | AS41: =AR41+IF(AR41*SQRT($N41^2+($M41+AR41)^2)<$O41^2,1,-1)*$O41/2^22 -> 10.066783 | AT41: =AS41+IF(AS41*SQRT($N41^2+($M41+AS41)^2)<$O41^2,1,-1)*$O41/2^23 -> 10.066784 | AU41: =AT41+IF(AT41*SQRT($N41^2+($M41+AT41)^2)<$O41^2,1,-1)*$O41/2^24 -> 10.066785
B42: Acceleration: start | C42: =Mission!F10+(Mission!G10-Mission!F10)*0/2 -> 0 | D42: =Mission!H10 -> 8.3333333 | E42: =Mission!E10 -> 1 | F42: 1 | G42: =C42/3.6 -> 0 | H42: =IF(Inputs!E27="OK",0.5*Inputs!C27*Inputs!C58*G42^2,NA()) -> 0 | I42: =IF(F42=0,0,H42+Inputs!C55*D42) -> 9.71875 | J42: =IF(F42=0,0,IF(AND(ISNUMBER(E42),E42>=1,E42<=10),Inputs!C56*E42,NA())) -> 11.437006 | K42: =SQRT(I42^2+J42^2) -> 15.008637 | L42: =IF(F42=0,0,DEGREES(ATAN(I42/J42))) -> 40.356669 | M42: =IF(F42=0,0,G42*I42/K42) -> 0 | N42: =IF(F42=0,0,G42*J42/K42) -> 0 | O42: =IF(F42=0,0,IF(Inputs!E27="OK",SQRT(K42/(2*Inputs!C27*Inputs!C57)),NA())) -> 10.995347 | P42: =AU42 -> 10.995346 | Q42: =K42*P42 -> 165.02516 | R42: =I42*G42 -> 0 | S42: =IF(F42=0,0,IF(Inputs!E30="OK",SUM(Q42:R42)/Inputs!C30,NA())) -> 253.88487 | T42: =IF(AND(Inputs!E31="OK",Inputs!E32="OK"),S42/Inputs!C31+Inputs!C32,NA()) -> 300.0943 | U42: =T42/Inputs!C62 -> 14.290205 | V42: =IF(Inputs!E25="OK",(T42-Inputs!C32)/Inputs!C25,NA()) -> 70.523575 | W42: =IF(F42=0,0,(P42*SQRT(N42^2+(M42+P42)^2)-O42^2)/O42^2) -> -1.1920929e-07 | X42: =$O42/2 -> 5.4976734 | Y42: =X42+IF(X42*SQRT($N42^2+($M42+X42)^2)<$O42^2,1,-1)*$O42/2^2 -> 8.2465101 | Z42: =Y42+IF(Y42*SQRT($N42^2+($M42+Y42)^2)<$O42^2,1,-1)*$O42/2^3 -> 9.6209285 | AA42: =Z42+IF(Z42*SQRT($N42^2+($M42+Z42)^2)<$O42^2,1,-1)*$O42/2^4 -> 10.308138 | AB42: =AA42+IF(AA42*SQRT($N42^2+($M42+AA42)^2)<$O42^2,1,-1)*$O42/2^5 -> 10.651742 | AC42: =AB42+IF(AB42*SQRT($N42^2+($M42+AB42)^2)<$O42^2,1,-1)*$O42/2^6 -> 10.823545 | AD42: =AC42+IF(AC42*SQRT($N42^2+($M42+AC42)^2)<$O42^2,1,-1)*$O42/2^7 -> 10.909446 | AE42: =AD42+IF(AD42*SQRT($N42^2+($M42+AD42)^2)<$O42^2,1,-1)*$O42/2^8 -> 10.952396 | AF42: =AE42+IF(AE42*SQRT($N42^2+($M42+AE42)^2)<$O42^2,1,-1)*$O42/2^9 -> 10.973872 | AG42: =AF42+IF(AF42*SQRT($N42^2+($M42+AF42)^2)<$O42^2,1,-1)*$O42/2^10 -> 10.984609 | AH42: =AG42+IF(AG42*SQRT($N42^2+($M42+AG42)^2)<$O42^2,1,-1)*$O42/2^11 -> 10.989978 | AI42: =AH42+IF(AH42*SQRT($N42^2+($M42+AH42)^2)<$O42^2,1,-1)*$O42/2^12 -> 10.992662 | AJ42: =AI42+IF(AI42*SQRT($N42^2+($M42+AI42)^2)<$O42^2,1,-1)*$O42/2^13 -> 10.994005 | AK42: =AJ42+IF(AJ42*SQRT($N42^2+($M42+AJ42)^2)<$O42^2,1,-1)*$O42/2^14 -> 10.994676 | AL42: =AK42+IF(AK42*SQRT($N42^2+($M42+AK42)^2)<$O42^2,1,-1)*$O42/2^15 -> 10.995011 | AM42: =AL42+IF(AL42*SQRT($N42^2+($M42+AL42)^2)<$O42^2,1,-1)*$O42/2^16 -> 10.995179 | AN42: =AM42+IF(AM42*SQRT($N42^2+($M42+AM42)^2)<$O42^2,1,-1)*$O42/2^17 -> 10.995263 | AO42: =AN42+IF(AN42*SQRT($N42^2+($M42+AN42)^2)<$O42^2,1,-1)*$O42/2^18 -> 10.995305 | AP42: =AO42+IF(AO42*SQRT($N42^2+($M42+AO42)^2)<$O42^2,1,-1)*$O42/2^19 -> 10.995326 | AQ42: =AP42+IF(AP42*SQRT($N42^2+($M42+AP42)^2)<$O42^2,1,-1)*$O42/2^20 -> 10.995336 | AR42: =AQ42+IF(AQ42*SQRT($N42^2+($M42+AQ42)^2)<$O42^2,1,-1)*$O42/2^21 -> 10.995342 | AS42: =AR42+IF(AR42*SQRT($N42^2+($M42+AR42)^2)<$O42^2,1,-1)*$O42/2^22 -> 10.995344 | AT42: =AS42+IF(AS42*SQRT($N42^2+($M42+AS42)^2)<$O42^2,1,-1)*$O42/2^23 -> 10.995346 | AU42: =AT42+IF(AT42*SQRT($N42^2+($M42+AT42)^2)<$O42^2,1,-1)*$O42/2^24 -> 10.995346
B43: Acceleration: mid | C43: =Mission!F10+(Mission!G10-Mission!F10)*1/2 -> 150 | D43: =Mission!H10 -> 8.3333333 | E43: =Mission!E10 -> 1 | F43: 1 | G43: =C43/3.6 -> 41.666667 | H43: =IF(Inputs!E27="OK",0.5*Inputs!C27*Inputs!C58*G43^2,NA()) -> 6.8055556 | I43: =IF(F43=0,0,H43+Inputs!C55*D43) -> 16.524306 | J43: =IF(F43=0,0,IF(AND(ISNUMBER(E43),E43>=1,E43<=10),Inputs!C56*E43,NA())) -> 11.437006 | K43: =SQRT(I43^2+J43^2) -> 20.096213 | L43: =IF(F43=0,0,DEGREES(ATAN(I43/J43))) -> 55.31164 | M43: =IF(F43=0,0,G43*I43/K43) -> 34.26082 | N43: =IF(F43=0,0,G43*J43/K43) -> 23.71302 | O43: =IF(F43=0,0,IF(Inputs!E27="OK",SQRT(K43/(2*Inputs!C27*Inputs!C57)),NA())) -> 12.723172 | P43: =AU43 -> 3.6220639 | Q43: =K43*P43 -> 72.789767 | R43: =I43*G43 -> 688.51273 | S43: =IF(F43=0,0,IF(Inputs!E30="OK",SUM(Q43:R43)/Inputs!C30,NA())) -> 1171.2346 | T43: =IF(AND(Inputs!E31="OK",Inputs!E32="OK"),S43/Inputs!C31+Inputs!C32,NA()) -> 1319.3718 | U43: =T43/Inputs!C62 -> 62.827228 | V43: =IF(Inputs!E25="OK",(T43-Inputs!C32)/Inputs!C25,NA()) -> 325.34295 | W43: =IF(F43=0,0,(P43*SQRT(N43^2+(M43+P43)^2)-O43^2)/O43^2) -> 1.9129643e-08 | X43: =$O43/2 -> 6.3615862 | Y43: =X43+IF(X43*SQRT($N43^2+($M43+X43)^2)<$O43^2,1,-1)*$O43/2^2 -> 3.1807931 | Z43: =Y43+IF(Y43*SQRT($N43^2+($M43+Y43)^2)<$O43^2,1,-1)*$O43/2^3 -> 4.7711896 | AA43: =Z43+IF(Z43*SQRT($N43^2+($M43+Z43)^2)<$O43^2,1,-1)*$O43/2^4 -> 3.9759914 | AB43: =AA43+IF(AA43*SQRT($N43^2+($M43+AA43)^2)<$O43^2,1,-1)*$O43/2^5 -> 3.5783922 | AC43: =AB43+IF(AB43*SQRT($N43^2+($M43+AB43)^2)<$O43^2,1,-1)*$O43/2^6 -> 3.7771918 | AD43: =AC43+IF(AC43*SQRT($N43^2+($M43+AC43)^2)<$O43^2,1,-1)*$O43/2^7 -> 3.677792 | AE43: =AD43+IF(AD43*SQRT($N43^2+($M43+AD43)^2)<$O43^2,1,-1)*$O43/2^8 -> 3.6280921 | AF43: =AE43+IF(AE43*SQRT($N43^2+($M43+AE43)^2)<$O43^2,1,-1)*$O43/2^9 -> 3.6032422 | AG43: =AF43+IF(AF43*SQRT($N43^2+($M43+AF43)^2)<$O43^2,1,-1)*$O43/2^10 -> 3.6156672 | AH43: =AG43+IF(AG43*SQRT($N43^2+($M43+AG43)^2)<$O43^2,1,-1)*$O43/2^11 -> 3.6218796 | AI43: =AH43+IF(AH43*SQRT($N43^2+($M43+AH43)^2)<$O43^2,1,-1)*$O43/2^12 -> 3.6249859 | AJ43: =AI43+IF(AI43*SQRT($N43^2+($M43+AI43)^2)<$O43^2,1,-1)*$O43/2^13 -> 3.6234328 | AK43: =AJ43+IF(AJ43*SQRT($N43^2+($M43+AJ43)^2)<$O43^2,1,-1)*$O43/2^14 -> 3.6226562 | AL43: =AK43+IF(AK43*SQRT($N43^2+($M43+AK43)^2)<$O43^2,1,-1)*$O43/2^15 -> 3.6222679 | AM43: =AL43+IF(AL43*SQRT($N43^2+($M43+AL43)^2)<$O43^2,1,-1)*$O43/2^16 -> 3.6220738 | AN43: =AM43+IF(AM43*SQRT($N43^2+($M43+AM43)^2)<$O43^2,1,-1)*$O43/2^17 -> 3.6219767 | AO43: =AN43+IF(AN43*SQRT($N43^2+($M43+AN43)^2)<$O43^2,1,-1)*$O43/2^18 -> 3.6220252 | AP43: =AO43+IF(AO43*SQRT($N43^2+($M43+AO43)^2)<$O43^2,1,-1)*$O43/2^19 -> 3.6220495 | AQ43: =AP43+IF(AP43*SQRT($N43^2+($M43+AP43)^2)<$O43^2,1,-1)*$O43/2^20 -> 3.6220616 | AR43: =AQ43+IF(AQ43*SQRT($N43^2+($M43+AQ43)^2)<$O43^2,1,-1)*$O43/2^21 -> 3.6220677 | AS43: =AR43+IF(AR43*SQRT($N43^2+($M43+AR43)^2)<$O43^2,1,-1)*$O43/2^22 -> 3.6220647 | AT43: =AS43+IF(AS43*SQRT($N43^2+($M43+AS43)^2)<$O43^2,1,-1)*$O43/2^23 -> 3.6220632 | AU43: =AT43+IF(AT43*SQRT($N43^2+($M43+AT43)^2)<$O43^2,1,-1)*$O43/2^24 -> 3.6220639
B44: Acceleration: end | C44: =Mission!F10+(Mission!G10-Mission!F10)*2/2 -> 300 | D44: =Mission!H10 -> 8.3333333 | E44: =Mission!E10 -> 1 | F44: 1 | G44: =C44/3.6 -> 83.333333 | H44: =IF(Inputs!E27="OK",0.5*Inputs!C27*Inputs!C58*G44^2,NA()) -> 27.222222 | I44: =IF(F44=0,0,H44+Inputs!C55*D44) -> 36.940972 | J44: =IF(F44=0,0,IF(AND(ISNUMBER(E44),E44>=1,E44<=10),Inputs!C56*E44,NA())) -> 11.437006 | K44: =SQRT(I44^2+J44^2) -> 38.670926 | L44: =IF(F44=0,0,DEGREES(ATAN(I44/J44))) -> 72.797361 | M44: =IF(F44=0,0,G44*I44/K44) -> 79.605395 | N44: =IF(F44=0,0,G44*J44/K44) -> 24.646004 | O44: =IF(F44=0,0,IF(Inputs!E27="OK",SQRT(K44/(2*Inputs!C27*Inputs!C57)),NA())) -> 17.649426 | P44: =AU44 -> 3.5900082 | Q44: =K44*P44 -> 138.82894 | R44: =I44*G44 -> 3078.4144 | S44: =IF(F44=0,0,IF(Inputs!E30="OK",SUM(Q44:R44)/Inputs!C30,NA())) -> 4949.6051 | T44: =IF(AND(Inputs!E31="OK",Inputs!E32="OK"),S44/Inputs!C31+Inputs!C32,NA()) -> 5517.5612 | U44: =T44/Inputs!C62 -> 262.74101 | V44: =IF(Inputs!E25="OK",(T44-Inputs!C32)/Inputs!C25,NA()) -> 1374.8903 | W44: =IF(F44=0,0,(P44*SQRT(N44^2+(M44+P44)^2)-O44^2)/O44^2) -> 1.1600418e-07 | X44: =$O44/2 -> 8.824713 | Y44: =X44+IF(X44*SQRT($N44^2+($M44+X44)^2)<$O44^2,1,-1)*$O44/2^2 -> 4.4123565 | Z44: =Y44+IF(Y44*SQRT($N44^2+($M44+Y44)^2)<$O44^2,1,-1)*$O44/2^3 -> 2.2061783 | AA44: =Z44+IF(Z44*SQRT($N44^2+($M44+Z44)^2)<$O44^2,1,-1)*$O44/2^4 -> 3.3092674 | AB44: =AA44+IF(AA44*SQRT($N44^2+($M44+AA44)^2)<$O44^2,1,-1)*$O44/2^5 -> 3.8608119 | AC44: =AB44+IF(AB44*SQRT($N44^2+($M44+AB44)^2)<$O44^2,1,-1)*$O44/2^6 -> 3.5850397 | AD44: =AC44+IF(AC44*SQRT($N44^2+($M44+AC44)^2)<$O44^2,1,-1)*$O44/2^7 -> 3.7229258 | AE44: =AD44+IF(AD44*SQRT($N44^2+($M44+AD44)^2)<$O44^2,1,-1)*$O44/2^8 -> 3.6539827 | AF44: =AE44+IF(AE44*SQRT($N44^2+($M44+AE44)^2)<$O44^2,1,-1)*$O44/2^9 -> 3.6195112 | AG44: =AF44+IF(AF44*SQRT($N44^2+($M44+AF44)^2)<$O44^2,1,-1)*$O44/2^10 -> 3.6022754 | AH44: =AG44+IF(AG44*SQRT($N44^2+($M44+AG44)^2)<$O44^2,1,-1)*$O44/2^11 -> 3.5936575 | AI44: =AH44+IF(AH44*SQRT($N44^2+($M44+AH44)^2)<$O44^2,1,-1)*$O44/2^12 -> 3.5893486 | AJ44: =AI44+IF(AI44*SQRT($N44^2+($M44+AI44)^2)<$O44^2,1,-1)*$O44/2^13 -> 3.5915031 | AK44: =AJ44+IF(AJ44*SQRT($N44^2+($M44+AJ44)^2)<$O44^2,1,-1)*$O44/2^14 -> 3.5904258 | AL44: =AK44+IF(AK44*SQRT($N44^2+($M44+AK44)^2)<$O44^2,1,-1)*$O44/2^15 -> 3.5898872 | AM44: =AL44+IF(AL44*SQRT($N44^2+($M44+AL44)^2)<$O44^2,1,-1)*$O44/2^16 -> 3.5901565 | AN44: =AM44+IF(AM44*SQRT($N44^2+($M44+AM44)^2)<$O44^2,1,-1)*$O44/2^17 -> 3.5900219 | AO44: =AN44+IF(AN44*SQRT($N44^2+($M44+AN44)^2)<$O44^2,1,-1)*$O44/2^18 -> 3.5899546 | AP44: =AO44+IF(AO44*SQRT($N44^2+($M44+AO44)^2)<$O44^2,1,-1)*$O44/2^19 -> 3.5899882 | AQ44: =AP44+IF(AP44*SQRT($N44^2+($M44+AP44)^2)<$O44^2,1,-1)*$O44/2^20 -> 3.590005 | AR44: =AQ44+IF(AQ44*SQRT($N44^2+($M44+AQ44)^2)<$O44^2,1,-1)*$O44/2^21 -> 3.5900135 | AS44: =AR44+IF(AR44*SQRT($N44^2+($M44+AR44)^2)<$O44^2,1,-1)*$O44/2^22 -> 3.5900093 | AT44: =AS44+IF(AS44*SQRT($N44^2+($M44+AS44)^2)<$O44^2,1,-1)*$O44/2^23 -> 3.5900072 | AU44: =AT44+IF(AT44*SQRT($N44^2+($M44+AT44)^2)<$O44^2,1,-1)*$O44/2^24 -> 3.5900082
B45: High-speed level pass: start | C45: =Mission!F11+(Mission!G11-Mission!F11)*0/2 -> 300 | D45: =Mission!H11 -> 0 | E45: =Mission!E11 -> 1 | F45: 1 | G45: =C45/3.6 -> 83.333333 | H45: =IF(Inputs!E27="OK",0.5*Inputs!C27*Inputs!C58*G45^2,NA()) -> 27.222222 | I45: =IF(F45=0,0,H45+Inputs!C55*D45) -> 27.222222 | J45: =IF(F45=0,0,IF(AND(ISNUMBER(E45),E45>=1,E45<=10),Inputs!C56*E45,NA())) -> 11.437006 | K45: =SQRT(I45^2+J45^2) -> 29.527182 | L45: =IF(F45=0,0,DEGREES(ATAN(I45/J45))) -> 67.211024 | M45: =IF(F45=0,0,G45*I45/K45) -> 76.828141 | N45: =IF(F45=0,0,G45*J45/K45) -> 32.278183 | O45: =IF(F45=0,0,IF(Inputs!E27="OK",SQRT(K45/(2*Inputs!C27*Inputs!C57)),NA())) -> 15.422305 | P45: =AU45 -> 2.7691153 | Q45: =K45*P45 -> 81.764171 | R45: =I45*G45 -> 2268.5185 | S45: =IF(F45=0,0,IF(Inputs!E30="OK",SUM(Q45:R45)/Inputs!C30,NA())) -> 3615.8195 | T45: =IF(AND(Inputs!E31="OK",Inputs!E32="OK"),S45/Inputs!C31+Inputs!C32,NA()) -> 4035.5772 | U45: =T45/Inputs!C62 -> 192.17035 | V45: =IF(Inputs!E25="OK",(T45-Inputs!C32)/Inputs!C25,NA()) -> 1004.3943 | W45: =IF(F45=0,0,(P45*SQRT(N45^2+(M45+P45)^2)-O45^2)/O45^2) -> 2.6389039e-07 | X45: =$O45/2 -> 7.7111527 | Y45: =X45+IF(X45*SQRT($N45^2+($M45+X45)^2)<$O45^2,1,-1)*$O45/2^2 -> 3.8555764 | Z45: =Y45+IF(Y45*SQRT($N45^2+($M45+Y45)^2)<$O45^2,1,-1)*$O45/2^3 -> 1.9277882 | AA45: =Z45+IF(Z45*SQRT($N45^2+($M45+Z45)^2)<$O45^2,1,-1)*$O45/2^4 -> 2.8916823 | AB45: =AA45+IF(AA45*SQRT($N45^2+($M45+AA45)^2)<$O45^2,1,-1)*$O45/2^5 -> 2.4097352 | AC45: =AB45+IF(AB45*SQRT($N45^2+($M45+AB45)^2)<$O45^2,1,-1)*$O45/2^6 -> 2.6507088 | AD45: =AC45+IF(AC45*SQRT($N45^2+($M45+AC45)^2)<$O45^2,1,-1)*$O45/2^7 -> 2.7711955 | AE45: =AD45+IF(AD45*SQRT($N45^2+($M45+AD45)^2)<$O45^2,1,-1)*$O45/2^8 -> 2.7109521 | AF45: =AE45+IF(AE45*SQRT($N45^2+($M45+AE45)^2)<$O45^2,1,-1)*$O45/2^9 -> 2.7410738 | AG45: =AF45+IF(AF45*SQRT($N45^2+($M45+AF45)^2)<$O45^2,1,-1)*$O45/2^10 -> 2.7561347 | AH45: =AG45+IF(AG45*SQRT($N45^2+($M45+AG45)^2)<$O45^2,1,-1)*$O45/2^11 -> 2.7636651 | AI45: =AH45+IF(AH45*SQRT($N45^2+($M45+AH45)^2)<$O45^2,1,-1)*$O45/2^12 -> 2.7674303 | AJ45: =AI45+IF(AI45*SQRT($N45^2+($M45+AI45)^2)<$O45^2,1,-1)*$O45/2^13 -> 2.7693129 | AK45: =AJ45+IF(AJ45*SQRT($N45^2+($M45+AJ45)^2)<$O45^2,1,-1)*$O45/2^14 -> 2.7683716 | AL45: =AK45+IF(AK45*SQRT($N45^2+($M45+AK45)^2)<$O45^2,1,-1)*$O45/2^15 -> 2.7688423 | AM45: =AL45+IF(AL45*SQRT($N45^2+($M45+AL45)^2)<$O45^2,1,-1)*$O45/2^16 -> 2.7690776 | AN45: =AM45+IF(AM45*SQRT($N45^2+($M45+AM45)^2)<$O45^2,1,-1)*$O45/2^17 -> 2.7691952 | AO45: =AN45+IF(AN45*SQRT($N45^2+($M45+AN45)^2)<$O45^2,1,-1)*$O45/2^18 -> 2.7691364 | AP45: =AO45+IF(AO45*SQRT($N45^2+($M45+AO45)^2)<$O45^2,1,-1)*$O45/2^19 -> 2.769107 | AQ45: =AP45+IF(AP45*SQRT($N45^2+($M45+AP45)^2)<$O45^2,1,-1)*$O45/2^20 -> 2.7691217 | AR45: =AQ45+IF(AQ45*SQRT($N45^2+($M45+AQ45)^2)<$O45^2,1,-1)*$O45/2^21 -> 2.7691144 | AS45: =AR45+IF(AR45*SQRT($N45^2+($M45+AR45)^2)<$O45^2,1,-1)*$O45/2^22 -> 2.769118 | AT45: =AS45+IF(AS45*SQRT($N45^2+($M45+AS45)^2)<$O45^2,1,-1)*$O45/2^23 -> 2.7691162 | AU45: =AT45+IF(AT45*SQRT($N45^2+($M45+AT45)^2)<$O45^2,1,-1)*$O45/2^24 -> 2.7691153
B46: High-speed level pass: mid | C46: =Mission!F11+(Mission!G11-Mission!F11)*1/2 -> 300 | D46: =Mission!H11 -> 0 | E46: =Mission!E11 -> 1 | F46: 1 | G46: =C46/3.6 -> 83.333333 | H46: =IF(Inputs!E27="OK",0.5*Inputs!C27*Inputs!C58*G46^2,NA()) -> 27.222222 | I46: =IF(F46=0,0,H46+Inputs!C55*D46) -> 27.222222 | J46: =IF(F46=0,0,IF(AND(ISNUMBER(E46),E46>=1,E46<=10),Inputs!C56*E46,NA())) -> 11.437006 | K46: =SQRT(I46^2+J46^2) -> 29.527182 | L46: =IF(F46=0,0,DEGREES(ATAN(I46/J46))) -> 67.211024 | M46: =IF(F46=0,0,G46*I46/K46) -> 76.828141 | N46: =IF(F46=0,0,G46*J46/K46) -> 32.278183 | O46: =IF(F46=0,0,IF(Inputs!E27="OK",SQRT(K46/(2*Inputs!C27*Inputs!C57)),NA())) -> 15.422305 | P46: =AU46 -> 2.7691153 | Q46: =K46*P46 -> 81.764171 | R46: =I46*G46 -> 2268.5185 | S46: =IF(F46=0,0,IF(Inputs!E30="OK",SUM(Q46:R46)/Inputs!C30,NA())) -> 3615.8195 | T46: =IF(AND(Inputs!E31="OK",Inputs!E32="OK"),S46/Inputs!C31+Inputs!C32,NA()) -> 4035.5772 | U46: =T46/Inputs!C62 -> 192.17035 | V46: =IF(Inputs!E25="OK",(T46-Inputs!C32)/Inputs!C25,NA()) -> 1004.3943 | W46: =IF(F46=0,0,(P46*SQRT(N46^2+(M46+P46)^2)-O46^2)/O46^2) -> 2.6389039e-07 | X46: =$O46/2 -> 7.7111527 | Y46: =X46+IF(X46*SQRT($N46^2+($M46+X46)^2)<$O46^2,1,-1)*$O46/2^2 -> 3.8555764 | Z46: =Y46+IF(Y46*SQRT($N46^2+($M46+Y46)^2)<$O46^2,1,-1)*$O46/2^3 -> 1.9277882 | AA46: =Z46+IF(Z46*SQRT($N46^2+($M46+Z46)^2)<$O46^2,1,-1)*$O46/2^4 -> 2.8916823 | AB46: =AA46+IF(AA46*SQRT($N46^2+($M46+AA46)^2)<$O46^2,1,-1)*$O46/2^5 -> 2.4097352 | AC46: =AB46+IF(AB46*SQRT($N46^2+($M46+AB46)^2)<$O46^2,1,-1)*$O46/2^6 -> 2.6507088 | AD46: =AC46+IF(AC46*SQRT($N46^2+($M46+AC46)^2)<$O46^2,1,-1)*$O46/2^7 -> 2.7711955 | AE46: =AD46+IF(AD46*SQRT($N46^2+($M46+AD46)^2)<$O46^2,1,-1)*$O46/2^8 -> 2.7109521 | AF46: =AE46+IF(AE46*SQRT($N46^2+($M46+AE46)^2)<$O46^2,1,-1)*$O46/2^9 -> 2.7410738 | AG46: =AF46+IF(AF46*SQRT($N46^2+($M46+AF46)^2)<$O46^2,1,-1)*$O46/2^10 -> 2.7561347 | AH46: =AG46+IF(AG46*SQRT($N46^2+($M46+AG46)^2)<$O46^2,1,-1)*$O46/2^11 -> 2.7636651 | AI46: =AH46+IF(AH46*SQRT($N46^2+($M46+AH46)^2)<$O46^2,1,-1)*$O46/2^12 -> 2.7674303 | AJ46: =AI46+IF(AI46*SQRT($N46^2+($M46+AI46)^2)<$O46^2,1,-1)*$O46/2^13 -> 2.7693129 | AK46: =AJ46+IF(AJ46*SQRT($N46^2+($M46+AJ46)^2)<$O46^2,1,-1)*$O46/2^14 -> 2.7683716 | AL46: =AK46+IF(AK46*SQRT($N46^2+($M46+AK46)^2)<$O46^2,1,-1)*$O46/2^15 -> 2.7688423 | AM46: =AL46+IF(AL46*SQRT($N46^2+($M46+AL46)^2)<$O46^2,1,-1)*$O46/2^16 -> 2.7690776 | AN46: =AM46+IF(AM46*SQRT($N46^2+($M46+AM46)^2)<$O46^2,1,-1)*$O46/2^17 -> 2.7691952 | AO46: =AN46+IF(AN46*SQRT($N46^2+($M46+AN46)^2)<$O46^2,1,-1)*$O46/2^18 -> 2.7691364 | AP46: =AO46+IF(AO46*SQRT($N46^2+($M46+AO46)^2)<$O46^2,1,-1)*$O46/2^19 -> 2.769107 | AQ46: =AP46+IF(AP46*SQRT($N46^2+($M46+AP46)^2)<$O46^2,1,-1)*$O46/2^20 -> 2.7691217 | AR46: =AQ46+IF(AQ46*SQRT($N46^2+($M46+AQ46)^2)<$O46^2,1,-1)*$O46/2^21 -> 2.7691144 | AS46: =AR46+IF(AR46*SQRT($N46^2+($M46+AR46)^2)<$O46^2,1,-1)*$O46/2^22 -> 2.769118 | AT46: =AS46+IF(AS46*SQRT($N46^2+($M46+AS46)^2)<$O46^2,1,-1)*$O46/2^23 -> 2.7691162 | AU46: =AT46+IF(AT46*SQRT($N46^2+($M46+AT46)^2)<$O46^2,1,-1)*$O46/2^24 -> 2.7691153
B47: High-speed level pass: end | C47: =Mission!F11+(Mission!G11-Mission!F11)*2/2 -> 300 | D47: =Mission!H11 -> 0 | E47: =Mission!E11 -> 1 | F47: 1 | G47: =C47/3.6 -> 83.333333 | H47: =IF(Inputs!E27="OK",0.5*Inputs!C27*Inputs!C58*G47^2,NA()) -> 27.222222 | I47: =IF(F47=0,0,H47+Inputs!C55*D47) -> 27.222222 | J47: =IF(F47=0,0,IF(AND(ISNUMBER(E47),E47>=1,E47<=10),Inputs!C56*E47,NA())) -> 11.437006 | K47: =SQRT(I47^2+J47^2) -> 29.527182 | L47: =IF(F47=0,0,DEGREES(ATAN(I47/J47))) -> 67.211024 | M47: =IF(F47=0,0,G47*I47/K47) -> 76.828141 | N47: =IF(F47=0,0,G47*J47/K47) -> 32.278183 | O47: =IF(F47=0,0,IF(Inputs!E27="OK",SQRT(K47/(2*Inputs!C27*Inputs!C57)),NA())) -> 15.422305 | P47: =AU47 -> 2.7691153 | Q47: =K47*P47 -> 81.764171 | R47: =I47*G47 -> 2268.5185 | S47: =IF(F47=0,0,IF(Inputs!E30="OK",SUM(Q47:R47)/Inputs!C30,NA())) -> 3615.8195 | T47: =IF(AND(Inputs!E31="OK",Inputs!E32="OK"),S47/Inputs!C31+Inputs!C32,NA()) -> 4035.5772 | U47: =T47/Inputs!C62 -> 192.17035 | V47: =IF(Inputs!E25="OK",(T47-Inputs!C32)/Inputs!C25,NA()) -> 1004.3943 | W47: =IF(F47=0,0,(P47*SQRT(N47^2+(M47+P47)^2)-O47^2)/O47^2) -> 2.6389039e-07 | X47: =$O47/2 -> 7.7111527 | Y47: =X47+IF(X47*SQRT($N47^2+($M47+X47)^2)<$O47^2,1,-1)*$O47/2^2 -> 3.8555764 | Z47: =Y47+IF(Y47*SQRT($N47^2+($M47+Y47)^2)<$O47^2,1,-1)*$O47/2^3 -> 1.9277882 | AA47: =Z47+IF(Z47*SQRT($N47^2+($M47+Z47)^2)<$O47^2,1,-1)*$O47/2^4 -> 2.8916823 | AB47: =AA47+IF(AA47*SQRT($N47^2+($M47+AA47)^2)<$O47^2,1,-1)*$O47/2^5 -> 2.4097352 | AC47: =AB47+IF(AB47*SQRT($N47^2+($M47+AB47)^2)<$O47^2,1,-1)*$O47/2^6 -> 2.6507088 | AD47: =AC47+IF(AC47*SQRT($N47^2+($M47+AC47)^2)<$O47^2,1,-1)*$O47/2^7 -> 2.7711955 | AE47: =AD47+IF(AD47*SQRT($N47^2+($M47+AD47)^2)<$O47^2,1,-1)*$O47/2^8 -> 2.7109521 | AF47: =AE47+IF(AE47*SQRT($N47^2+($M47+AE47)^2)<$O47^2,1,-1)*$O47/2^9 -> 2.7410738 | AG47: =AF47+IF(AF47*SQRT($N47^2+($M47+AF47)^2)<$O47^2,1,-1)*$O47/2^10 -> 2.7561347 | AH47: =AG47+IF(AG47*SQRT($N47^2+($M47+AG47)^2)<$O47^2,1,-1)*$O47/2^11 -> 2.7636651 | AI47: =AH47+IF(AH47*SQRT($N47^2+($M47+AH47)^2)<$O47^2,1,-1)*$O47/2^12 -> 2.7674303 | AJ47: =AI47+IF(AI47*SQRT($N47^2+($M47+AI47)^2)<$O47^2,1,-1)*$O47/2^13 -> 2.7693129 | AK47: =AJ47+IF(AJ47*SQRT($N47^2+($M47+AJ47)^2)<$O47^2,1,-1)*$O47/2^14 -> 2.7683716 | AL47: =AK47+IF(AK47*SQRT($N47^2+($M47+AK47)^2)<$O47^2,1,-1)*$O47/2^15 -> 2.7688423 | AM47: =AL47+IF(AL47*SQRT($N47^2+($M47+AL47)^2)<$O47^2,1,-1)*$O47/2^16 -> 2.7690776 | AN47: =AM47+IF(AM47*SQRT($N47^2+($M47+AM47)^2)<$O47^2,1,-1)*$O47/2^17 -> 2.7691952 | AO47: =AN47+IF(AN47*SQRT($N47^2+($M47+AN47)^2)<$O47^2,1,-1)*$O47/2^18 -> 2.7691364 | AP47: =AO47+IF(AO47*SQRT($N47^2+($M47+AO47)^2)<$O47^2,1,-1)*$O47/2^19 -> 2.769107 | AQ47: =AP47+IF(AP47*SQRT($N47^2+($M47+AP47)^2)<$O47^2,1,-1)*$O47/2^20 -> 2.7691217 | AR47: =AQ47+IF(AQ47*SQRT($N47^2+($M47+AQ47)^2)<$O47^2,1,-1)*$O47/2^21 -> 2.7691144 | AS47: =AR47+IF(AR47*SQRT($N47^2+($M47+AR47)^2)<$O47^2,1,-1)*$O47/2^22 -> 2.769118 | AT47: =AS47+IF(AS47*SQRT($N47^2+($M47+AS47)^2)<$O47^2,1,-1)*$O47/2^23 -> 2.7691162 | AU47: =AT47+IF(AT47*SQRT($N47^2+($M47+AT47)^2)<$O47^2,1,-1)*$O47/2^24 -> 2.7691153
B48: Deceleration / turn: start | C48: =Mission!F12+(Mission!G12-Mission!F12)*0/2 -> 300 | D48: =Mission!H12 -> 0 | E48: =Mission!E12 -> 1.2 | F48: 1 | G48: =C48/3.6 -> 83.333333 | H48: =IF(Inputs!E27="OK",0.5*Inputs!C27*Inputs!C58*G48^2,NA()) -> 27.222222 | I48: =IF(F48=0,0,H48+Inputs!C55*D48) -> 27.222222 | J48: =IF(F48=0,0,IF(AND(ISNUMBER(E48),E48>=1,E48<=10),Inputs!C56*E48,NA())) -> 13.724407 | K48: =SQRT(I48^2+J48^2) -> 30.486205 | L48: =IF(F48=0,0,DEGREES(ATAN(I48/J48))) -> 63.2445 | M48: =IF(F48=0,0,G48*I48/K48) -> 74.411311 | N48: =IF(F48=0,0,G48*J48/K48) -> 37.515346 | O48: =IF(F48=0,0,IF(Inputs!E27="OK",SQRT(K48/(2*Inputs!C27*Inputs!C57)),NA())) -> 15.670757 | P48: =AU48 -> 2.8589578 | Q48: =K48*P48 -> 87.158774 | R48: =I48*G48 -> 2268.5185 | S48: =IF(F48=0,0,IF(Inputs!E30="OK",SUM(Q48:R48)/Inputs!C30,NA())) -> 3624.1189 | T48: =IF(AND(Inputs!E31="OK",Inputs!E32="OK"),S48/Inputs!C31+Inputs!C32,NA()) -> 4044.7988 | U48: =T48/Inputs!C62 -> 192.60947 | V48: =IF(Inputs!E25="OK",(T48-Inputs!C32)/Inputs!C25,NA()) -> 1006.6997 | W48: =IF(F48=0,0,(P48*SQRT(N48^2+(M48+P48)^2)-O48^2)/O48^2) -> -2.1283712e-07 | X48: =$O48/2 -> 7.8353787 | Y48: =X48+IF(X48*SQRT($N48^2+($M48+X48)^2)<$O48^2,1,-1)*$O48/2^2 -> 3.9176893 | Z48: =Y48+IF(Y48*SQRT($N48^2+($M48+Y48)^2)<$O48^2,1,-1)*$O48/2^3 -> 1.9588447 | AA48: =Z48+IF(Z48*SQRT($N48^2+($M48+Z48)^2)<$O48^2,1,-1)*$O48/2^4 -> 2.938267 | AB48: =AA48+IF(AA48*SQRT($N48^2+($M48+AA48)^2)<$O48^2,1,-1)*$O48/2^5 -> 2.4485558 | AC48: =AB48+IF(AB48*SQRT($N48^2+($M48+AB48)^2)<$O48^2,1,-1)*$O48/2^6 -> 2.6934114 | AD48: =AC48+IF(AC48*SQRT($N48^2+($M48+AC48)^2)<$O48^2,1,-1)*$O48/2^7 -> 2.8158392 | AE48: =AD48+IF(AD48*SQRT($N48^2+($M48+AD48)^2)<$O48^2,1,-1)*$O48/2^8 -> 2.8770531 | AF48: =AE48+IF(AE48*SQRT($N48^2+($M48+AE48)^2)<$O48^2,1,-1)*$O48/2^9 -> 2.8464462 | AG48: =AF48+IF(AF48*SQRT($N48^2+($M48+AF48)^2)<$O48^2,1,-1)*$O48/2^10 -> 2.8617496 | AH48: =AG48+IF(AG48*SQRT($N48^2+($M48+AG48)^2)<$O48^2,1,-1)*$O48/2^11 -> 2.8540979 | AI48: =AH48+IF(AH48*SQRT($N48^2+($M48+AH48)^2)<$O48^2,1,-1)*$O48/2^12 -> 2.8579238 | AJ48: =AI48+IF(AI48*SQRT($N48^2+($M48+AI48)^2)<$O48^2,1,-1)*$O48/2^13 -> 2.8598367 | AK48: =AJ48+IF(AJ48*SQRT($N48^2+($M48+AJ48)^2)<$O48^2,1,-1)*$O48/2^14 -> 2.8588802 | AL48: =AK48+IF(AK48*SQRT($N48^2+($M48+AK48)^2)<$O48^2,1,-1)*$O48/2^15 -> 2.8593585 | AM48: =AL48+IF(AL48*SQRT($N48^2+($M48+AL48)^2)<$O48^2,1,-1)*$O48/2^16 -> 2.8591194 | AN48: =AM48+IF(AM48*SQRT($N48^2+($M48+AM48)^2)<$O48^2,1,-1)*$O48/2^17 -> 2.8589998 | AO48: =AN48+IF(AN48*SQRT($N48^2+($M48+AN48)^2)<$O48^2,1,-1)*$O48/2^18 -> 2.85894 | AP48: =AO48+IF(AO48*SQRT($N48^2+($M48+AO48)^2)<$O48^2,1,-1)*$O48/2^19 -> 2.8589699 | AQ48: =AP48+IF(AP48*SQRT($N48^2+($M48+AP48)^2)<$O48^2,1,-1)*$O48/2^20 -> 2.858955 | AR48: =AQ48+IF(AQ48*SQRT($N48^2+($M48+AQ48)^2)<$O48^2,1,-1)*$O48/2^21 -> 2.8589624 | AS48: =AR48+IF(AR48*SQRT($N48^2+($M48+AR48)^2)<$O48^2,1,-1)*$O48/2^22 -> 2.8589587 | AT48: =AS48+IF(AS48*SQRT($N48^2+($M48+AS48)^2)<$O48^2,1,-1)*$O48/2^23 -> 2.8589568 | AU48: =AT48+IF(AT48*SQRT($N48^2+($M48+AT48)^2)<$O48^2,1,-1)*$O48/2^24 -> 2.8589578
B49: Deceleration / turn: mid | C49: =Mission!F12+(Mission!G12-Mission!F12)*1/2 -> 180 | D49: =Mission!H12 -> 0 | E49: =Mission!E12 -> 1.2 | F49: 1 | G49: =C49/3.6 -> 50 | H49: =IF(Inputs!E27="OK",0.5*Inputs!C27*Inputs!C58*G49^2,NA()) -> 9.8 | I49: =IF(F49=0,0,H49+Inputs!C55*D49) -> 9.8 | J49: =IF(F49=0,0,IF(AND(ISNUMBER(E49),E49>=1,E49<=10),Inputs!C56*E49,NA())) -> 13.724407 | K49: =SQRT(I49^2+J49^2) -> 16.864144 | L49: =IF(F49=0,0,DEGREES(ATAN(I49/J49))) -> 35.528976 | M49: =IF(F49=0,0,G49*I49/K49) -> 29.05573 | N49: =IF(F49=0,0,G49*J49/K49) -> 40.691087 | O49: =IF(F49=0,0,IF(Inputs!E27="OK",SQRT(K49/(2*Inputs!C27*Inputs!C57)),NA())) -> 11.655219 | P49: =AU49 -> 2.633906 | Q49: =K49*P49 -> 44.418569 | R49: =I49*G49 -> 490 | S49: =IF(F49=0,0,IF(Inputs!E30="OK",SUM(Q49:R49)/Inputs!C30,NA())) -> 822.18241 | T49: =IF(AND(Inputs!E31="OK",Inputs!E32="OK"),S49/Inputs!C31+Inputs!C32,NA()) -> 931.53602 | U49: =T49/Inputs!C62 -> 44.358858 | V49: =IF(Inputs!E25="OK",(T49-Inputs!C32)/Inputs!C25,NA()) -> 228.384 | W49: =IF(F49=0,0,(P49*SQRT(N49^2+(M49+P49)^2)-O49^2)/O49^2) -> -1.5641277e-09 | X49: =$O49/2 -> 5.8276096 | Y49: =X49+IF(X49*SQRT($N49^2+($M49+X49)^2)<$O49^2,1,-1)*$O49/2^2 -> 2.9138048 | Z49: =Y49+IF(Y49*SQRT($N49^2+($M49+Y49)^2)<$O49^2,1,-1)*$O49/2^3 -> 1.4569024 | AA49: =Z49+IF(Z49*SQRT($N49^2+($M49+Z49)^2)<$O49^2,1,-1)*$O49/2^4 -> 2.1853536 | AB49: =AA49+IF(AA49*SQRT($N49^2+($M49+AA49)^2)<$O49^2,1,-1)*$O49/2^5 -> 2.5495792 | AC49: =AB49+IF(AB49*SQRT($N49^2+($M49+AB49)^2)<$O49^2,1,-1)*$O49/2^6 -> 2.731692 | AD49: =AC49+IF(AC49*SQRT($N49^2+($M49+AC49)^2)<$O49^2,1,-1)*$O49/2^7 -> 2.6406356 | AE49: =AD49+IF(AD49*SQRT($N49^2+($M49+AD49)^2)<$O49^2,1,-1)*$O49/2^8 -> 2.5951074 | AF49: =AE49+IF(AE49*SQRT($N49^2+($M49+AE49)^2)<$O49^2,1,-1)*$O49/2^9 -> 2.6178715 | AG49: =AF49+IF(AF49*SQRT($N49^2+($M49+AF49)^2)<$O49^2,1,-1)*$O49/2^10 -> 2.6292536 | AH49: =AG49+IF(AG49*SQRT($N49^2+($M49+AG49)^2)<$O49^2,1,-1)*$O49/2^11 -> 2.6349446 | AI49: =AH49+IF(AH49*SQRT($N49^2+($M49+AH49)^2)<$O49^2,1,-1)*$O49/2^12 -> 2.6320991 | AJ49: =AI49+IF(AI49*SQRT($N49^2+($M49+AI49)^2)<$O49^2,1,-1)*$O49/2^13 -> 2.6335218 | AK49: =AJ49+IF(AJ49*SQRT($N49^2+($M49+AJ49)^2)<$O49^2,1,-1)*$O49/2^14 -> 2.6342332 | AL49: =AK49+IF(AK49*SQRT($N49^2+($M49+AK49)^2)<$O49^2,1,-1)*$O49/2^15 -> 2.6338775 | AM49: =AL49+IF(AL49*SQRT($N49^2+($M49+AL49)^2)<$O49^2,1,-1)*$O49/2^16 -> 2.6340554 | AN49: =AM49+IF(AM49*SQRT($N49^2+($M49+AM49)^2)<$O49^2,1,-1)*$O49/2^17 -> 2.6339664 | AO49: =AN49+IF(AN49*SQRT($N49^2+($M49+AN49)^2)<$O49^2,1,-1)*$O49/2^18 -> 2.633922 | AP49: =AO49+IF(AO49*SQRT($N49^2+($M49+AO49)^2)<$O49^2,1,-1)*$O49/2^19 -> 2.6338997 | AQ49: =AP49+IF(AP49*SQRT($N49^2+($M49+AP49)^2)<$O49^2,1,-1)*$O49/2^20 -> 2.6339109 | AR49: =AQ49+IF(AQ49*SQRT($N49^2+($M49+AQ49)^2)<$O49^2,1,-1)*$O49/2^21 -> 2.6339053 | AS49: =AR49+IF(AR49*SQRT($N49^2+($M49+AR49)^2)<$O49^2,1,-1)*$O49/2^22 -> 2.6339081 | AT49: =AS49+IF(AS49*SQRT($N49^2+($M49+AS49)^2)<$O49^2,1,-1)*$O49/2^23 -> 2.6339067 | AU49: =AT49+IF(AT49*SQRT($N49^2+($M49+AT49)^2)<$O49^2,1,-1)*$O49/2^24 -> 2.633906
B50: Deceleration / turn: end | C50: =Mission!F12+(Mission!G12-Mission!F12)*2/2 -> 60 | D50: =Mission!H12 -> 0 | E50: =Mission!E12 -> 1.2 | F50: 1 | G50: =C50/3.6 -> 16.666667 | H50: =IF(Inputs!E27="OK",0.5*Inputs!C27*Inputs!C58*G50^2,NA()) -> 1.0888889 | I50: =IF(F50=0,0,H50+Inputs!C55*D50) -> 1.0888889 | J50: =IF(F50=0,0,IF(AND(ISNUMBER(E50),E50>=1,E50<=10),Inputs!C56*E50,NA())) -> 13.724407 | K50: =SQRT(I50^2+J50^2) -> 13.767535 | L50: =IF(F50=0,0,DEGREES(ATAN(I50/J50))) -> 4.5363216 | M50: =IF(F50=0,0,G50*I50/K50) -> 1.3181843 | N50: =IF(F50=0,0,G50*J50/K50) -> 16.614457 | O50: =IF(F50=0,0,IF(Inputs!E27="OK",SQRT(K50/(2*Inputs!C27*Inputs!C57)),NA())) -> 10.530922 | P50: =AU50 -> 6.0955929 | Q50: =K50*P50 -> 83.921288 | R50: =I50*G50 -> 18.148148 | S50: =IF(F50=0,0,IF(Inputs!E30="OK",SUM(Q50:R50)/Inputs!C30,NA())) -> 157.0299 | T50: =IF(AND(Inputs!E31="OK",Inputs!E32="OK"),S50/Inputs!C31+Inputs!C32,NA()) -> 192.47767 | U50: =T50/Inputs!C62 -> 9.1656032 | V50: =IF(Inputs!E25="OK",(T50-Inputs!C32)/Inputs!C25,NA()) -> 43.619417 | W50: =IF(F50=0,0,(P50*SQRT(N50^2+(M50+P50)^2)-O50^2)/O50^2) -> -9.998231e-08 | X50: =$O50/2 -> 5.265461 | Y50: =X50+IF(X50*SQRT($N50^2+($M50+X50)^2)<$O50^2,1,-1)*$O50/2^2 -> 7.8981915 | Z50: =Y50+IF(Y50*SQRT($N50^2+($M50+Y50)^2)<$O50^2,1,-1)*$O50/2^3 -> 6.5818262 | AA50: =Z50+IF(Z50*SQRT($N50^2+($M50+Z50)^2)<$O50^2,1,-1)*$O50/2^4 -> 5.9236436 | AB50: =AA50+IF(AA50*SQRT($N50^2+($M50+AA50)^2)<$O50^2,1,-1)*$O50/2^5 -> 6.2527349 | AC50: =AB50+IF(AB50*SQRT($N50^2+($M50+AB50)^2)<$O50^2,1,-1)*$O50/2^6 -> 6.0881892 | AD50: =AC50+IF(AC50*SQRT($N50^2+($M50+AC50)^2)<$O50^2,1,-1)*$O50/2^7 -> 6.1704621 | AE50: =AD50+IF(AD50*SQRT($N50^2+($M50+AD50)^2)<$O50^2,1,-1)*$O50/2^8 -> 6.1293257 | AF50: =AE50+IF(AE50*SQRT($N50^2+($M50+AE50)^2)<$O50^2,1,-1)*$O50/2^9 -> 6.1087575 | AG50: =AF50+IF(AF50*SQRT($N50^2+($M50+AF50)^2)<$O50^2,1,-1)*$O50/2^10 -> 6.0984734 | AH50: =AG50+IF(AG50*SQRT($N50^2+($M50+AG50)^2)<$O50^2,1,-1)*$O50/2^11 -> 6.0933313 | AI50: =AH50+IF(AH50*SQRT($N50^2+($M50+AH50)^2)<$O50^2,1,-1)*$O50/2^12 -> 6.0959023 | AJ50: =AI50+IF(AI50*SQRT($N50^2+($M50+AI50)^2)<$O50^2,1,-1)*$O50/2^13 -> 6.0946168 | AK50: =AJ50+IF(AJ50*SQRT($N50^2+($M50+AJ50)^2)<$O50^2,1,-1)*$O50/2^14 -> 6.0952596 | AL50: =AK50+IF(AK50*SQRT($N50^2+($M50+AK50)^2)<$O50^2,1,-1)*$O50/2^15 -> 6.0955809 | AM50: =AL50+IF(AL50*SQRT($N50^2+($M50+AL50)^2)<$O50^2,1,-1)*$O50/2^16 -> 6.0957416 | AN50: =AM50+IF(AM50*SQRT($N50^2+($M50+AM50)^2)<$O50^2,1,-1)*$O50/2^17 -> 6.0956613 | AO50: =AN50+IF(AN50*SQRT($N50^2+($M50+AN50)^2)<$O50^2,1,-1)*$O50/2^18 -> 6.0956211 | AP50: =AO50+IF(AO50*SQRT($N50^2+($M50+AO50)^2)<$O50^2,1,-1)*$O50/2^19 -> 6.095601 | AQ50: =AP50+IF(AP50*SQRT($N50^2+($M50+AP50)^2)<$O50^2,1,-1)*$O50/2^20 -> 6.095591 | AR50: =AQ50+IF(AQ50*SQRT($N50^2+($M50+AQ50)^2)<$O50^2,1,-1)*$O50/2^21 -> 6.095596 | AS50: =AR50+IF(AR50*SQRT($N50^2+($M50+AR50)^2)<$O50^2,1,-1)*$O50/2^22 -> 6.0955935 | AT50: =AS50+IF(AS50*SQRT($N50^2+($M50+AS50)^2)<$O50^2,1,-1)*$O50/2^23 -> 6.0955922 | AU50: =AT50+IF(AT50*SQRT($N50^2+($M50+AT50)^2)<$O50^2,1,-1)*$O50/2^24 -> 6.0955929
B51: Return: start | C51: =Mission!F13+(Mission!G13-Mission!F13)*0/2 -> 60 | D51: =Mission!H13 -> 0 | E51: =Mission!E13 -> 1 | F51: 1 | G51: =C51/3.6 -> 16.666667 | H51: =IF(Inputs!E27="OK",0.5*Inputs!C27*Inputs!C58*G51^2,NA()) -> 1.0888889 | I51: =IF(F51=0,0,H51+Inputs!C55*D51) -> 1.0888889 | J51: =IF(F51=0,0,IF(AND(ISNUMBER(E51),E51>=1,E51<=10),Inputs!C56*E51,NA())) -> 11.437006 | K51: =SQRT(I51^2+J51^2) -> 11.488724 | L51: =IF(F51=0,0,DEGREES(ATAN(I51/J51))) -> 5.4385957 | M51: =IF(F51=0,0,G51*I51/K51) -> 1.5796487 | N51: =IF(F51=0,0,G51*J51/K51) -> 16.591639 | O51: =IF(F51=0,0,IF(Inputs!E27="OK",SQRT(K51/(2*Inputs!C27*Inputs!C57)),NA())) -> 9.6199806 | P51: =AU51 -> 5.1669238 | Q51: =K51*P51 -> 59.361361 | R51: =I51*G51 -> 18.148148 | S51: =IF(F51=0,0,IF(Inputs!E30="OK",SUM(Q51:R51)/Inputs!C30,NA())) -> 119.2454 | T51: =IF(AND(Inputs!E31="OK",Inputs!E32="OK"),S51/Inputs!C31+Inputs!C32,NA()) -> 150.49489 | U51: =T51/Inputs!C62 -> 7.1664232 | V51: =IF(Inputs!E25="OK",(T51-Inputs!C32)/Inputs!C25,NA()) -> 33.123722 | W51: =IF(F51=0,0,(P51*SQRT(N51^2+(M51+P51)^2)-O51^2)/O51^2) -> -2.4460667e-08 | X51: =$O51/2 -> 4.8099903 | Y51: =X51+IF(X51*SQRT($N51^2+($M51+X51)^2)<$O51^2,1,-1)*$O51/2^2 -> 7.2149854 | Z51: =Y51+IF(Y51*SQRT($N51^2+($M51+Y51)^2)<$O51^2,1,-1)*$O51/2^3 -> 6.0124879 | AA51: =Z51+IF(Z51*SQRT($N51^2+($M51+Z51)^2)<$O51^2,1,-1)*$O51/2^4 -> 5.4112391 | AB51: =AA51+IF(AA51*SQRT($N51^2+($M51+AA51)^2)<$O51^2,1,-1)*$O51/2^5 -> 5.1106147 | AC51: =AB51+IF(AB51*SQRT($N51^2+($M51+AB51)^2)<$O51^2,1,-1)*$O51/2^6 -> 5.2609269 | AD51: =AC51+IF(AC51*SQRT($N51^2+($M51+AC51)^2)<$O51^2,1,-1)*$O51/2^7 -> 5.1857708 | AE51: =AD51+IF(AD51*SQRT($N51^2+($M51+AD51)^2)<$O51^2,1,-1)*$O51/2^8 -> 5.1481927 | AF51: =AE51+IF(AE51*SQRT($N51^2+($M51+AE51)^2)<$O51^2,1,-1)*$O51/2^9 -> 5.1669818 | AG51: =AF51+IF(AF51*SQRT($N51^2+($M51+AF51)^2)<$O51^2,1,-1)*$O51/2^10 -> 5.1575872 | AH51: =AG51+IF(AG51*SQRT($N51^2+($M51+AG51)^2)<$O51^2,1,-1)*$O51/2^11 -> 5.1622845 | AI51: =AH51+IF(AH51*SQRT($N51^2+($M51+AH51)^2)<$O51^2,1,-1)*$O51/2^12 -> 5.1646331 | AJ51: =AI51+IF(AI51*SQRT($N51^2+($M51+AI51)^2)<$O51^2,1,-1)*$O51/2^13 -> 5.1658074 | AK51: =AJ51+IF(AJ51*SQRT($N51^2+($M51+AJ51)^2)<$O51^2,1,-1)*$O51/2^14 -> 5.1663946 | AL51: =AK51+IF(AK51*SQRT($N51^2+($M51+AK51)^2)<$O51^2,1,-1)*$O51/2^15 -> 5.1666882 | AM51: =AL51+IF(AL51*SQRT($N51^2+($M51+AL51)^2)<$O51^2,1,-1)*$O51/2^16 -> 5.166835 | AN51: =AM51+IF(AM51*SQRT($N51^2+($M51+AM51)^2)<$O51^2,1,-1)*$O51/2^17 -> 5.1669084 | AO51: =AN51+IF(AN51*SQRT($N51^2+($M51+AN51)^2)<$O51^2,1,-1)*$O51/2^18 -> 5.1669451 | AP51: =AO51+IF(AO51*SQRT($N51^2+($M51+AO51)^2)<$O51^2,1,-1)*$O51/2^19 -> 5.1669267 | AQ51: =AP51+IF(AP51*SQRT($N51^2+($M51+AP51)^2)<$O51^2,1,-1)*$O51/2^20 -> 5.1669175 | AR51: =AQ51+IF(AQ51*SQRT($N51^2+($M51+AQ51)^2)<$O51^2,1,-1)*$O51/2^21 -> 5.1669221 | AS51: =AR51+IF(AR51*SQRT($N51^2+($M51+AR51)^2)<$O51^2,1,-1)*$O51/2^22 -> 5.1669244 | AT51: =AS51+IF(AS51*SQRT($N51^2+($M51+AS51)^2)<$O51^2,1,-1)*$O51/2^23 -> 5.1669233 | AU51: =AT51+IF(AT51*SQRT($N51^2+($M51+AT51)^2)<$O51^2,1,-1)*$O51/2^24 -> 5.1669238
B52: Return: mid | C52: =Mission!F13+(Mission!G13-Mission!F13)*1/2 -> 60 | D52: =Mission!H13 -> 0 | E52: =Mission!E13 -> 1 | F52: 1 | G52: =C52/3.6 -> 16.666667 | H52: =IF(Inputs!E27="OK",0.5*Inputs!C27*Inputs!C58*G52^2,NA()) -> 1.0888889 | I52: =IF(F52=0,0,H52+Inputs!C55*D52) -> 1.0888889 | J52: =IF(F52=0,0,IF(AND(ISNUMBER(E52),E52>=1,E52<=10),Inputs!C56*E52,NA())) -> 11.437006 | K52: =SQRT(I52^2+J52^2) -> 11.488724 | L52: =IF(F52=0,0,DEGREES(ATAN(I52/J52))) -> 5.4385957 | M52: =IF(F52=0,0,G52*I52/K52) -> 1.5796487 | N52: =IF(F52=0,0,G52*J52/K52) -> 16.591639 | O52: =IF(F52=0,0,IF(Inputs!E27="OK",SQRT(K52/(2*Inputs!C27*Inputs!C57)),NA())) -> 9.6199806 | P52: =AU52 -> 5.1669238 | Q52: =K52*P52 -> 59.361361 | R52: =I52*G52 -> 18.148148 | S52: =IF(F52=0,0,IF(Inputs!E30="OK",SUM(Q52:R52)/Inputs!C30,NA())) -> 119.2454 | T52: =IF(AND(Inputs!E31="OK",Inputs!E32="OK"),S52/Inputs!C31+Inputs!C32,NA()) -> 150.49489 | U52: =T52/Inputs!C62 -> 7.1664232 | V52: =IF(Inputs!E25="OK",(T52-Inputs!C32)/Inputs!C25,NA()) -> 33.123722 | W52: =IF(F52=0,0,(P52*SQRT(N52^2+(M52+P52)^2)-O52^2)/O52^2) -> -2.4460667e-08 | X52: =$O52/2 -> 4.8099903 | Y52: =X52+IF(X52*SQRT($N52^2+($M52+X52)^2)<$O52^2,1,-1)*$O52/2^2 -> 7.2149854 | Z52: =Y52+IF(Y52*SQRT($N52^2+($M52+Y52)^2)<$O52^2,1,-1)*$O52/2^3 -> 6.0124879 | AA52: =Z52+IF(Z52*SQRT($N52^2+($M52+Z52)^2)<$O52^2,1,-1)*$O52/2^4 -> 5.4112391 | AB52: =AA52+IF(AA52*SQRT($N52^2+($M52+AA52)^2)<$O52^2,1,-1)*$O52/2^5 -> 5.1106147 | AC52: =AB52+IF(AB52*SQRT($N52^2+($M52+AB52)^2)<$O52^2,1,-1)*$O52/2^6 -> 5.2609269 | AD52: =AC52+IF(AC52*SQRT($N52^2+($M52+AC52)^2)<$O52^2,1,-1)*$O52/2^7 -> 5.1857708 | AE52: =AD52+IF(AD52*SQRT($N52^2+($M52+AD52)^2)<$O52^2,1,-1)*$O52/2^8 -> 5.1481927 | AF52: =AE52+IF(AE52*SQRT($N52^2+($M52+AE52)^2)<$O52^2,1,-1)*$O52/2^9 -> 5.1669818 | AG52: =AF52+IF(AF52*SQRT($N52^2+($M52+AF52)^2)<$O52^2,1,-1)*$O52/2^10 -> 5.1575872 | AH52: =AG52+IF(AG52*SQRT($N52^2+($M52+AG52)^2)<$O52^2,1,-1)*$O52/2^11 -> 5.1622845 | AI52: =AH52+IF(AH52*SQRT($N52^2+($M52+AH52)^2)<$O52^2,1,-1)*$O52/2^12 -> 5.1646331 | AJ52: =AI52+IF(AI52*SQRT($N52^2+($M52+AI52)^2)<$O52^2,1,-1)*$O52/2^13 -> 5.1658074 | AK52: =AJ52+IF(AJ52*SQRT($N52^2+($M52+AJ52)^2)<$O52^2,1,-1)*$O52/2^14 -> 5.1663946 | AL52: =AK52+IF(AK52*SQRT($N52^2+($M52+AK52)^2)<$O52^2,1,-1)*$O52/2^15 -> 5.1666882 | AM52: =AL52+IF(AL52*SQRT($N52^2+($M52+AL52)^2)<$O52^2,1,-1)*$O52/2^16 -> 5.166835 | AN52: =AM52+IF(AM52*SQRT($N52^2+($M52+AM52)^2)<$O52^2,1,-1)*$O52/2^17 -> 5.1669084 | AO52: =AN52+IF(AN52*SQRT($N52^2+($M52+AN52)^2)<$O52^2,1,-1)*$O52/2^18 -> 5.1669451 | AP52: =AO52+IF(AO52*SQRT($N52^2+($M52+AO52)^2)<$O52^2,1,-1)*$O52/2^19 -> 5.1669267 | AQ52: =AP52+IF(AP52*SQRT($N52^2+($M52+AP52)^2)<$O52^2,1,-1)*$O52/2^20 -> 5.1669175 | AR52: =AQ52+IF(AQ52*SQRT($N52^2+($M52+AQ52)^2)<$O52^2,1,-1)*$O52/2^21 -> 5.1669221 | AS52: =AR52+IF(AR52*SQRT($N52^2+($M52+AR52)^2)<$O52^2,1,-1)*$O52/2^22 -> 5.1669244 | AT52: =AS52+IF(AS52*SQRT($N52^2+($M52+AS52)^2)<$O52^2,1,-1)*$O52/2^23 -> 5.1669233 | AU52: =AT52+IF(AT52*SQRT($N52^2+($M52+AT52)^2)<$O52^2,1,-1)*$O52/2^24 -> 5.1669238
B53: Return: end | C53: =Mission!F13+(Mission!G13-Mission!F13)*2/2 -> 60 | D53: =Mission!H13 -> 0 | E53: =Mission!E13 -> 1 | F53: 1 | G53: =C53/3.6 -> 16.666667 | H53: =IF(Inputs!E27="OK",0.5*Inputs!C27*Inputs!C58*G53^2,NA()) -> 1.0888889 | I53: =IF(F53=0,0,H53+Inputs!C55*D53) -> 1.0888889 | J53: =IF(F53=0,0,IF(AND(ISNUMBER(E53),E53>=1,E53<=10),Inputs!C56*E53,NA())) -> 11.437006 | K53: =SQRT(I53^2+J53^2) -> 11.488724 | L53: =IF(F53=0,0,DEGREES(ATAN(I53/J53))) -> 5.4385957 | M53: =IF(F53=0,0,G53*I53/K53) -> 1.5796487 | N53: =IF(F53=0,0,G53*J53/K53) -> 16.591639 | O53: =IF(F53=0,0,IF(Inputs!E27="OK",SQRT(K53/(2*Inputs!C27*Inputs!C57)),NA())) -> 9.6199806 | P53: =AU53 -> 5.1669238 | Q53: =K53*P53 -> 59.361361 | R53: =I53*G53 -> 18.148148 | S53: =IF(F53=0,0,IF(Inputs!E30="OK",SUM(Q53:R53)/Inputs!C30,NA())) -> 119.2454 | T53: =IF(AND(Inputs!E31="OK",Inputs!E32="OK"),S53/Inputs!C31+Inputs!C32,NA()) -> 150.49489 | U53: =T53/Inputs!C62 -> 7.1664232 | V53: =IF(Inputs!E25="OK",(T53-Inputs!C32)/Inputs!C25,NA()) -> 33.123722 | W53: =IF(F53=0,0,(P53*SQRT(N53^2+(M53+P53)^2)-O53^2)/O53^2) -> -2.4460667e-08 | X53: =$O53/2 -> 4.8099903 | Y53: =X53+IF(X53*SQRT($N53^2+($M53+X53)^2)<$O53^2,1,-1)*$O53/2^2 -> 7.2149854 | Z53: =Y53+IF(Y53*SQRT($N53^2+($M53+Y53)^2)<$O53^2,1,-1)*$O53/2^3 -> 6.0124879 | AA53: =Z53+IF(Z53*SQRT($N53^2+($M53+Z53)^2)<$O53^2,1,-1)*$O53/2^4 -> 5.4112391 | AB53: =AA53+IF(AA53*SQRT($N53^2+($M53+AA53)^2)<$O53^2,1,-1)*$O53/2^5 -> 5.1106147 | AC53: =AB53+IF(AB53*SQRT($N53^2+($M53+AB53)^2)<$O53^2,1,-1)*$O53/2^6 -> 5.2609269 | AD53: =AC53+IF(AC53*SQRT($N53^2+($M53+AC53)^2)<$O53^2,1,-1)*$O53/2^7 -> 5.1857708 | AE53: =AD53+IF(AD53*SQRT($N53^2+($M53+AD53)^2)<$O53^2,1,-1)*$O53/2^8 -> 5.1481927 | AF53: =AE53+IF(AE53*SQRT($N53^2+($M53+AE53)^2)<$O53^2,1,-1)*$O53/2^9 -> 5.1669818 | AG53: =AF53+IF(AF53*SQRT($N53^2+($M53+AF53)^2)<$O53^2,1,-1)*$O53/2^10 -> 5.1575872 | AH53: =AG53+IF(AG53*SQRT($N53^2+($M53+AG53)^2)<$O53^2,1,-1)*$O53/2^11 -> 5.1622845 | AI53: =AH53+IF(AH53*SQRT($N53^2+($M53+AH53)^2)<$O53^2,1,-1)*$O53/2^12 -> 5.1646331 | AJ53: =AI53+IF(AI53*SQRT($N53^2+($M53+AI53)^2)<$O53^2,1,-1)*$O53/2^13 -> 5.1658074 | AK53: =AJ53+IF(AJ53*SQRT($N53^2+($M53+AJ53)^2)<$O53^2,1,-1)*$O53/2^14 -> 5.1663946 | AL53: =AK53+IF(AK53*SQRT($N53^2+($M53+AK53)^2)<$O53^2,1,-1)*$O53/2^15 -> 5.1666882 | AM53: =AL53+IF(AL53*SQRT($N53^2+($M53+AL53)^2)<$O53^2,1,-1)*$O53/2^16 -> 5.166835 | AN53: =AM53+IF(AM53*SQRT($N53^2+($M53+AM53)^2)<$O53^2,1,-1)*$O53/2^17 -> 5.1669084 | AO53: =AN53+IF(AN53*SQRT($N53^2+($M53+AN53)^2)<$O53^2,1,-1)*$O53/2^18 -> 5.1669451 | AP53: =AO53+IF(AO53*SQRT($N53^2+($M53+AO53)^2)<$O53^2,1,-1)*$O53/2^19 -> 5.1669267 | AQ53: =AP53+IF(AP53*SQRT($N53^2+($M53+AP53)^2)<$O53^2,1,-1)*$O53/2^20 -> 5.1669175 | AR53: =AQ53+IF(AQ53*SQRT($N53^2+($M53+AQ53)^2)<$O53^2,1,-1)*$O53/2^21 -> 5.1669221 | AS53: =AR53+IF(AR53*SQRT($N53^2+($M53+AR53)^2)<$O53^2,1,-1)*$O53/2^22 -> 5.1669244 | AT53: =AS53+IF(AS53*SQRT($N53^2+($M53+AS53)^2)<$O53^2,1,-1)*$O53/2^23 -> 5.1669233 | AU53: =AT53+IF(AT53*SQRT($N53^2+($M53+AT53)^2)<$O53^2,1,-1)*$O53/2^24 -> 5.1669238
B54: Landing: start | C54: =Mission!F14+(Mission!G14-Mission!F14)*0/2 -> 60 | D54: =Mission!H14 -> 0 | E54: =Mission!E14 -> 1.1 | F54: 1 | G54: =C54/3.6 -> 16.666667 | H54: =IF(Inputs!E27="OK",0.5*Inputs!C27*Inputs!C58*G54^2,NA()) -> 1.0888889 | I54: =IF(F54=0,0,H54+Inputs!C55*D54) -> 1.0888889 | J54: =IF(F54=0,0,IF(AND(ISNUMBER(E54),E54>=1,E54<=10),Inputs!C56*E54,NA())) -> 12.580706 | K54: =SQRT(I54^2+J54^2) -> 12.627741 | L54: =IF(F54=0,0,DEGREES(ATAN(I54/J54))) -> 4.9467528 | M54: =IF(F54=0,0,G54*I54/K54) -> 1.437165 | N54: =IF(F54=0,0,G54*J54/K54) -> 16.604588 | O54: =IF(F54=0,0,IF(Inputs!E27="OK",SQRT(K54/(2*Inputs!C27*Inputs!C57)),NA())) -> 10.085586 | P54: =AU54 -> 5.6359353 | Q54: =K54*P54 -> 71.169131 | R54: =I54*G54 -> 18.148148 | S54: =IF(F54=0,0,IF(Inputs!E30="OK",SUM(Q54:R54)/Inputs!C30,NA())) -> 137.4112 | T54: =IF(AND(Inputs!E31="OK",Inputs!E32="OK"),S54/Inputs!C31+Inputs!C32,NA()) -> 170.67911 | U54: =T54/Inputs!C62 -> 8.1275767 | V54: =IF(Inputs!E25="OK",(T54-Inputs!C32)/Inputs!C25,NA()) -> 38.169778 | W54: =IF(F54=0,0,(P54*SQRT(N54^2+(M54+P54)^2)-O54^2)/O54^2) -> -1.586332e-08 | X54: =$O54/2 -> 5.042793 | Y54: =X54+IF(X54*SQRT($N54^2+($M54+X54)^2)<$O54^2,1,-1)*$O54/2^2 -> 7.5641895 | Z54: =Y54+IF(Y54*SQRT($N54^2+($M54+Y54)^2)<$O54^2,1,-1)*$O54/2^3 -> 6.3034912 | AA54: =Z54+IF(Z54*SQRT($N54^2+($M54+Z54)^2)<$O54^2,1,-1)*$O54/2^4 -> 5.6731421 | AB54: =AA54+IF(AA54*SQRT($N54^2+($M54+AA54)^2)<$O54^2,1,-1)*$O54/2^5 -> 5.3579675 | AC54: =AB54+IF(AB54*SQRT($N54^2+($M54+AB54)^2)<$O54^2,1,-1)*$O54/2^6 -> 5.5155548 | AD54: =AC54+IF(AC54*SQRT($N54^2+($M54+AC54)^2)<$O54^2,1,-1)*$O54/2^7 -> 5.5943485 | AE54: =AD54+IF(AD54*SQRT($N54^2+($M54+AD54)^2)<$O54^2,1,-1)*$O54/2^8 -> 5.6337453 | AF54: =AE54+IF(AE54*SQRT($N54^2+($M54+AE54)^2)<$O54^2,1,-1)*$O54/2^9 -> 5.6534437 | AG54: =AF54+IF(AF54*SQRT($N54^2+($M54+AF54)^2)<$O54^2,1,-1)*$O54/2^10 -> 5.6435945 | AH54: =AG54+IF(AG54*SQRT($N54^2+($M54+AG54)^2)<$O54^2,1,-1)*$O54/2^11 -> 5.6386699 | AI54: =AH54+IF(AH54*SQRT($N54^2+($M54+AH54)^2)<$O54^2,1,-1)*$O54/2^12 -> 5.6362076 | AJ54: =AI54+IF(AI54*SQRT($N54^2+($M54+AI54)^2)<$O54^2,1,-1)*$O54/2^13 -> 5.6349764 | AK54: =AJ54+IF(AJ54*SQRT($N54^2+($M54+AJ54)^2)<$O54^2,1,-1)*$O54/2^14 -> 5.635592 | AL54: =AK54+IF(AK54*SQRT($N54^2+($M54+AK54)^2)<$O54^2,1,-1)*$O54/2^15 -> 5.6358998 | AM54: =AL54+IF(AL54*SQRT($N54^2+($M54+AL54)^2)<$O54^2,1,-1)*$O54/2^16 -> 5.6360537 | AN54: =AM54+IF(AM54*SQRT($N54^2+($M54+AM54)^2)<$O54^2,1,-1)*$O54/2^17 -> 5.6359767 | AO54: =AN54+IF(AN54*SQRT($N54^2+($M54+AN54)^2)<$O54^2,1,-1)*$O54/2^18 -> 5.6359383 | AP54: =AO54+IF(AO54*SQRT($N54^2+($M54+AO54)^2)<$O54^2,1,-1)*$O54/2^19 -> 5.635919 | AQ54: =AP54+IF(AP54*SQRT($N54^2+($M54+AP54)^2)<$O54^2,1,-1)*$O54/2^20 -> 5.6359287 | AR54: =AQ54+IF(AQ54*SQRT($N54^2+($M54+AQ54)^2)<$O54^2,1,-1)*$O54/2^21 -> 5.6359335 | AS54: =AR54+IF(AR54*SQRT($N54^2+($M54+AR54)^2)<$O54^2,1,-1)*$O54/2^22 -> 5.6359359 | AT54: =AS54+IF(AS54*SQRT($N54^2+($M54+AS54)^2)<$O54^2,1,-1)*$O54/2^23 -> 5.6359347 | AU54: =AT54+IF(AT54*SQRT($N54^2+($M54+AT54)^2)<$O54^2,1,-1)*$O54/2^24 -> 5.6359353
B55: Landing: mid | C55: =Mission!F14+(Mission!G14-Mission!F14)*1/2 -> 30 | D55: =Mission!H14 -> 0 | E55: =Mission!E14 -> 1.1 | F55: 1 | G55: =C55/3.6 -> 8.3333333 | H55: =IF(Inputs!E27="OK",0.5*Inputs!C27*Inputs!C58*G55^2,NA()) -> 0.27222222 | I55: =IF(F55=0,0,H55+Inputs!C55*D55) -> 0.27222222 | J55: =IF(F55=0,0,IF(AND(ISNUMBER(E55),E55>=1,E55<=10),Inputs!C56*E55,NA())) -> 12.580706 | K55: =SQRT(I55^2+J55^2) -> 12.583651 | L55: =IF(F55=0,0,DEGREES(ATAN(I55/J55))) -> 1.2395768 | M55: =IF(F55=0,0,G55*I55/K55) -> 0.18027507 | N55: =IF(F55=0,0,G55*J55/K55) -> 8.3313832 | O55: =IF(F55=0,0,IF(Inputs!E27="OK",SQRT(K55/(2*Inputs!C27*Inputs!C57)),NA())) -> 10.067963 | P55: =AU55 -> 8.4500751 | Q55: =K55*P55 -> 106.3328 | R55: =I55*G55 -> 2.2685185 | S55: =IF(F55=0,0,IF(Inputs!E30="OK",SUM(Q55:R55)/Inputs!C30,NA())) -> 167.07895 | T55: =IF(AND(Inputs!E31="OK",Inputs!E32="OK"),S55/Inputs!C31+Inputs!C32,NA()) -> 203.64327 | U55: =T55/Inputs!C62 -> 9.6972987 | V55: =IF(Inputs!E25="OK",(T55-Inputs!C32)/Inputs!C25,NA()) -> 46.410818 | W55: =IF(F55=0,0,(P55*SQRT(N55^2+(M55+P55)^2)-O55^2)/O55^2) -> -1.8998203e-08 | X55: =$O55/2 -> 5.0339817 | Y55: =X55+IF(X55*SQRT($N55^2+($M55+X55)^2)<$O55^2,1,-1)*$O55/2^2 -> 7.5509726 | Z55: =Y55+IF(Y55*SQRT($N55^2+($M55+Y55)^2)<$O55^2,1,-1)*$O55/2^3 -> 8.8094681 | AA55: =Z55+IF(Z55*SQRT($N55^2+($M55+Z55)^2)<$O55^2,1,-1)*$O55/2^4 -> 8.1802203 | AB55: =AA55+IF(AA55*SQRT($N55^2+($M55+AA55)^2)<$O55^2,1,-1)*$O55/2^5 -> 8.4948442 | AC55: =AB55+IF(AB55*SQRT($N55^2+($M55+AB55)^2)<$O55^2,1,-1)*$O55/2^6 -> 8.3375323 | AD55: =AC55+IF(AC55*SQRT($N55^2+($M55+AC55)^2)<$O55^2,1,-1)*$O55/2^7 -> 8.4161882 | AE55: =AD55+IF(AD55*SQRT($N55^2+($M55+AD55)^2)<$O55^2,1,-1)*$O55/2^8 -> 8.4555162 | AF55: =AE55+IF(AE55*SQRT($N55^2+($M55+AE55)^2)<$O55^2,1,-1)*$O55/2^9 -> 8.4358522 | AG55: =AF55+IF(AF55*SQRT($N55^2+($M55+AF55)^2)<$O55^2,1,-1)*$O55/2^10 -> 8.4456842 | AH55: =AG55+IF(AG55*SQRT($N55^2+($M55+AG55)^2)<$O55^2,1,-1)*$O55/2^11 -> 8.4506002 | AI55: =AH55+IF(AH55*SQRT($N55^2+($M55+AH55)^2)<$O55^2,1,-1)*$O55/2^12 -> 8.4481422 | AJ55: =AI55+IF(AI55*SQRT($N55^2+($M55+AI55)^2)<$O55^2,1,-1)*$O55/2^13 -> 8.4493712 | AK55: =AJ55+IF(AJ55*SQRT($N55^2+($M55+AJ55)^2)<$O55^2,1,-1)*$O55/2^14 -> 8.4499857 | AL55: =AK55+IF(AK55*SQRT($N55^2+($M55+AK55)^2)<$O55^2,1,-1)*$O55/2^15 -> 8.450293 | AM55: =AL55+IF(AL55*SQRT($N55^2+($M55+AL55)^2)<$O55^2,1,-1)*$O55/2^16 -> 8.4501393 | AN55: =AM55+IF(AM55*SQRT($N55^2+($M55+AM55)^2)<$O55^2,1,-1)*$O55/2^17 -> 8.4500625 | AO55: =AN55+IF(AN55*SQRT($N55^2+($M55+AN55)^2)<$O55^2,1,-1)*$O55/2^18 -> 8.4501009 | AP55: =AO55+IF(AO55*SQRT($N55^2+($M55+AO55)^2)<$O55^2,1,-1)*$O55/2^19 -> 8.4500817 | AQ55: =AP55+IF(AP55*SQRT($N55^2+($M55+AP55)^2)<$O55^2,1,-1)*$O55/2^20 -> 8.4500721 | AR55: =AQ55+IF(AQ55*SQRT($N55^2+($M55+AQ55)^2)<$O55^2,1,-1)*$O55/2^21 -> 8.4500769 | AS55: =AR55+IF(AR55*SQRT($N55^2+($M55+AR55)^2)<$O55^2,1,-1)*$O55/2^22 -> 8.4500745 | AT55: =AS55+IF(AS55*SQRT($N55^2+($M55+AS55)^2)<$O55^2,1,-1)*$O55/2^23 -> 8.4500757 | AU55: =AT55+IF(AT55*SQRT($N55^2+($M55+AT55)^2)<$O55^2,1,-1)*$O55/2^24 -> 8.4500751
B56: Landing: end | C56: =Mission!F14+(Mission!G14-Mission!F14)*2/2 -> 0 | D56: =Mission!H14 -> 0 | E56: =Mission!E14 -> 1.1 | F56: 1 | G56: =C56/3.6 -> 0 | H56: =IF(Inputs!E27="OK",0.5*Inputs!C27*Inputs!C58*G56^2,NA()) -> 0 | I56: =IF(F56=0,0,H56+Inputs!C55*D56) -> 0 | J56: =IF(F56=0,0,IF(AND(ISNUMBER(E56),E56>=1,E56<=10),Inputs!C56*E56,NA())) -> 12.580706 | K56: =SQRT(I56^2+J56^2) -> 12.580706 | L56: =IF(F56=0,0,DEGREES(ATAN(I56/J56))) -> 0 | M56: =IF(F56=0,0,G56*I56/K56) -> 0 | N56: =IF(F56=0,0,G56*J56/K56) -> 0 | O56: =IF(F56=0,0,IF(Inputs!E27="OK",SQRT(K56/(2*Inputs!C27*Inputs!C57)),NA())) -> 10.066785 | P56: =AU56 -> 10.066785 | Q56: =K56*P56 -> 126.64726 | R56: =I56*G56 -> 0 | S56: =IF(F56=0,0,IF(Inputs!E30="OK",SUM(Q56:R56)/Inputs!C30,NA())) -> 194.84194 | T56: =IF(AND(Inputs!E31="OK",Inputs!E32="OK"),S56/Inputs!C31+Inputs!C32,NA()) -> 234.49104 | U56: =T56/Inputs!C62 -> 11.16624 | V56: =IF(Inputs!E25="OK",(T56-Inputs!C32)/Inputs!C25,NA()) -> 54.122761 | W56: =IF(F56=0,0,(P56*SQRT(N56^2+(M56+P56)^2)-O56^2)/O56^2) -> -1.1920929e-07 | X56: =$O56/2 -> 5.0333927 | Y56: =X56+IF(X56*SQRT($N56^2+($M56+X56)^2)<$O56^2,1,-1)*$O56/2^2 -> 7.550089 | Z56: =Y56+IF(Y56*SQRT($N56^2+($M56+Y56)^2)<$O56^2,1,-1)*$O56/2^3 -> 8.8084372 | AA56: =Z56+IF(Z56*SQRT($N56^2+($M56+Z56)^2)<$O56^2,1,-1)*$O56/2^4 -> 9.4376113 | AB56: =AA56+IF(AA56*SQRT($N56^2+($M56+AA56)^2)<$O56^2,1,-1)*$O56/2^5 -> 9.7521983 | AC56: =AB56+IF(AB56*SQRT($N56^2+($M56+AB56)^2)<$O56^2,1,-1)*$O56/2^6 -> 9.9094918 | AD56: =AC56+IF(AC56*SQRT($N56^2+($M56+AC56)^2)<$O56^2,1,-1)*$O56/2^7 -> 9.9881386 | AE56: =AD56+IF(AD56*SQRT($N56^2+($M56+AD56)^2)<$O56^2,1,-1)*$O56/2^8 -> 10.027462 | AF56: =AE56+IF(AE56*SQRT($N56^2+($M56+AE56)^2)<$O56^2,1,-1)*$O56/2^9 -> 10.047124 | AG56: =AF56+IF(AF56*SQRT($N56^2+($M56+AF56)^2)<$O56^2,1,-1)*$O56/2^10 -> 10.056955 | AH56: =AG56+IF(AG56*SQRT($N56^2+($M56+AG56)^2)<$O56^2,1,-1)*$O56/2^11 -> 10.06187 | AI56: =AH56+IF(AH56*SQRT($N56^2+($M56+AH56)^2)<$O56^2,1,-1)*$O56/2^12 -> 10.064328 | AJ56: =AI56+IF(AI56*SQRT($N56^2+($M56+AI56)^2)<$O56^2,1,-1)*$O56/2^13 -> 10.065557 | AK56: =AJ56+IF(AJ56*SQRT($N56^2+($M56+AJ56)^2)<$O56^2,1,-1)*$O56/2^14 -> 10.066171 | AL56: =AK56+IF(AK56*SQRT($N56^2+($M56+AK56)^2)<$O56^2,1,-1)*$O56/2^15 -> 10.066478 | AM56: =AL56+IF(AL56*SQRT($N56^2+($M56+AL56)^2)<$O56^2,1,-1)*$O56/2^16 -> 10.066632 | AN56: =AM56+IF(AM56*SQRT($N56^2+($M56+AM56)^2)<$O56^2,1,-1)*$O56/2^17 -> 10.066709 | AO56: =AN56+IF(AN56*SQRT($N56^2+($M56+AN56)^2)<$O56^2,1,-1)*$O56/2^18 -> 10.066747 | AP56: =AO56+IF(AO56*SQRT($N56^2+($M56+AO56)^2)<$O56^2,1,-1)*$O56/2^19 -> 10.066766 | AQ56: =AP56+IF(AP56*SQRT($N56^2+($M56+AP56)^2)<$O56^2,1,-1)*$O56/2^20 -> 10.066776 | AR56: =AQ56+IF(AQ56*SQRT($N56^2+($M56+AQ56)^2)<$O56^2,1,-1)*$O56/2^21 -> 10.066781 | AS56: =AR56+IF(AR56*SQRT($N56^2+($M56+AR56)^2)<$O56^2,1,-1)*$O56/2^22 -> 10.066783 | AT56: =AS56+IF(AS56*SQRT($N56^2+($M56+AS56)^2)<$O56^2,1,-1)*$O56/2^23 -> 10.066784 | AU56: =AT56+IF(AT56*SQRT($N56^2+($M56+AT56)^2)<$O56^2,1,-1)*$O56/2^24 -> 10.066785
